course_id,short_name,long_name,account_id,term_id,start_date,end_date,status
1893ed936565d55a75bbbee4254baf5f,BIO-145 2022Winter,2022 Winter BIO-145 - BIO 145: Advanced Principles of Ecology and Sustainable Biotechnologies,BIO,2022Winter,2021-12-01 00:00:00,2022-01-30 00:00:00,active
8116a13ca72ae702a19c5a846472c499,BIO-145 2022Spring,2022 Spring BIO-145 - BIO 145: Advanced Principles of Ecology and Sustainable Biotechnologies,BIO,2022Spring,2022-2-01 00:00:00,2022-05-30 00:00:00,active
fbb7538f5946dc8bbaf58d99dc9dfac3,BIO-145 2022Summer,2022 Summer BIO-145 - BIO 145: Advanced Principles of Ecology and Sustainable Biotechnologies,BIO,2022Summer,2022-6-01 00:00:00,2022-08-30 00:00:00,active
705957f8282dadadaec5cb4363cceccc,BIO-145 2022Fall,2022 Fall BIO-145 - BIO 145: Advanced Principles of Ecology and Sustainable Biotechnologies,BIO,2022Fall,2022-8-01 00:00:00,2022-11-30 00:00:00,active
9918123760aaa2e633bb0e8715726bc3,BIO-145 2023Winter,2023 Winter BIO-145 - BIO 145: Advanced Principles of Ecology and Sustainable Biotechnologies,BIO,2023Winter,2022-12-01 00:00:00,2023-01-30 00:00:00,active
17b556ad2350acd5d2e054ff2f4a190a,BIO-145 2023Spring,2023 Spring BIO-145 - BIO 145: Advanced Principles of Ecology and Sustainable Biotechnologies,BIO,2023Spring,2023-2-01 00:00:00,2023-05-30 00:00:00,active
ecb8d9ca0a7d872562abce2020d34257,BIO-145 2023Summer,2023 Summer BIO-145 - BIO 145: Advanced Principles of Ecology and Sustainable Biotechnologies,BIO,2023Summer,2023-6-01 00:00:00,2023-08-30 00:00:00,active
9126604d1db733a40659e377c6c0c7e3,BIO-145 2023Fall,2023 Fall BIO-145 - BIO 145: Advanced Principles of Ecology and Sustainable Biotechnologies,BIO,2023Fall,2023-8-01 00:00:00,2023-11-30 00:00:00,active
59786f4a1af6660884c3f261fafc6b4e,BIO-145 2024Winter,2024 Winter BIO-145 - BIO 145: Advanced Principles of Ecology and Sustainable Biotechnologies,BIO,2024Winter,2023-12-01 00:00:00,2024-01-30 00:00:00,active
17b556ad2350acd5d2e054ff2f4a190a,BIO-145 2023Spring,2023 Spring BIO-145 - BIO 145: Advanced Principles of Ecology and Sustainable Biotechnologies,BIO,2023Spring,2024-2-01 00:00:00,2024-05-30 00:00:00,active
ecb8d9ca0a7d872562abce2020d34257,BIO-145 2023Summer,2023 Summer BIO-145 - BIO 145: Advanced Principles of Ecology and Sustainable Biotechnologies,BIO,2023Summer,2024-6-01 00:00:00,2024-08-30 00:00:00,active
9126604d1db733a40659e377c6c0c7e3,BIO-145 2023Fall,2023 Fall BIO-145 - BIO 145: Advanced Principles of Ecology and Sustainable Biotechnologies,BIO,2023Fall,2024-8-01 00:00:00,2024-11-30 00:00:00,active
e40a799fb23708167aed55dca51adfd4,BIO-145 2024NonCredit,2024NonCredit BIO-145 - BIO 145: Advanced Principles of Ecology and Sustainable Biotechnologies,BIO,2024NonCredit,2024-01-01 00:00:00,2024-12-31 00:00:00,active
01fe62d602a65e46c0e7e44eac2cdc86,BIO-145 Teaching,Teaching BIO-145 - BIO 145: Advanced Principles of Ecology and Sustainable Biotechnologies,BIO,Teaching,,,active
bbe9dc3b3dc47ce2e999705a951f18dd,BIO-145 Test,Test BIO-145 - BIO 145: Advanced Principles of Ecology and Sustainable Biotechnologies,BIO,Test,,,active
28124c443f703e9ee9e022e19f54d641,BIO-344 2022Winter,2022 Winter BIO-344 - Bioinformatics: Integrating Biology and Computer Science for Data Analysis,BIO,2022Winter,2021-12-01 00:00:00,2022-01-30 00:00:00,active
f8a9c354857836ef32a43a12297298fb,BIO-344 2022Spring,2022 Spring BIO-344 - Bioinformatics: Integrating Biology and Computer Science for Data Analysis,BIO,2022Spring,2022-2-01 00:00:00,2022-05-30 00:00:00,active
fa34099330a3408ca3a380181dff45cd,BIO-344 2022Summer,2022 Summer BIO-344 - Bioinformatics: Integrating Biology and Computer Science for Data Analysis,BIO,2022Summer,2022-6-01 00:00:00,2022-08-30 00:00:00,active
13cab4dbf4b5d95673fd6742ad4d367a,BIO-344 2022Fall,2022 Fall BIO-344 - Bioinformatics: Integrating Biology and Computer Science for Data Analysis,BIO,2022Fall,2022-8-01 00:00:00,2022-11-30 00:00:00,active
6468537931e44c396e657e357df3abe7,BIO-344 2023Winter,2023 Winter BIO-344 - Bioinformatics: Integrating Biology and Computer Science for Data Analysis,BIO,2023Winter,2022-12-01 00:00:00,2023-01-30 00:00:00,active
523c0ca90f2cf168dc6260a95a3fd42e,BIO-344 2023Spring,2023 Spring BIO-344 - Bioinformatics: Integrating Biology and Computer Science for Data Analysis,BIO,2023Spring,2023-2-01 00:00:00,2023-05-30 00:00:00,active
31f6bd8ffea08b05bcc67d2f451a1fd6,BIO-344 2023Summer,2023 Summer BIO-344 - Bioinformatics: Integrating Biology and Computer Science for Data Analysis,BIO,2023Summer,2023-6-01 00:00:00,2023-08-30 00:00:00,active
40a37bed7cfaee4454e6190b1f07739a,BIO-344 2023Fall,2023 Fall BIO-344 - Bioinformatics: Integrating Biology and Computer Science for Data Analysis,BIO,2023Fall,2023-8-01 00:00:00,2023-11-30 00:00:00,active
219ba49fce034155a592b555c4b87a4c,BIO-344 2024Winter,2024 Winter BIO-344 - Bioinformatics: Integrating Biology and Computer Science for Data Analysis,BIO,2024Winter,2023-12-01 00:00:00,2024-01-30 00:00:00,active
523c0ca90f2cf168dc6260a95a3fd42e,BIO-344 2023Spring,2023 Spring BIO-344 - Bioinformatics: Integrating Biology and Computer Science for Data Analysis,BIO,2023Spring,2024-2-01 00:00:00,2024-05-30 00:00:00,active
31f6bd8ffea08b05bcc67d2f451a1fd6,BIO-344 2023Summer,2023 Summer BIO-344 - Bioinformatics: Integrating Biology and Computer Science for Data Analysis,BIO,2023Summer,2024-6-01 00:00:00,2024-08-30 00:00:00,active
40a37bed7cfaee4454e6190b1f07739a,BIO-344 2023Fall,2023 Fall BIO-344 - Bioinformatics: Integrating Biology and Computer Science for Data Analysis,BIO,2023Fall,2024-8-01 00:00:00,2024-11-30 00:00:00,active
64bc9ea8b7f555db22529d373593ac76,BIO-344 2024NonCredit,2024NonCredit BIO-344 - Bioinformatics: Integrating Biology and Computer Science for Data Analysis,BIO,2024NonCredit,2024-01-01 00:00:00,2024-12-31 00:00:00,active
eb7ff4a036002c1372dc1af7cb630bbf,BIO-344 Teaching,Teaching BIO-344 - Bioinformatics: Integrating Biology and Computer Science for Data Analysis,BIO,Teaching,,,active
d8cade4d0698a3e5cadaa954e9ba679c,BIO-344 Test,Test BIO-344 - Bioinformatics: Integrating Biology and Computer Science for Data Analysis,BIO,Test,,,active
db66a33025924843c727b7318f6fc40a,BIO-402 2022Winter,2022 Winter BIO-402 - Bioinformatics and Computational Biology: Analyzing Genomes with Python,BIO,2022Winter,2021-12-01 00:00:00,2022-01-30 00:00:00,active
9ed0ea65a8f78d70066602d6a6fac526,BIO-402 2022Spring,2022 Spring BIO-402 - Bioinformatics and Computational Biology: Analyzing Genomes with Python,BIO,2022Spring,2022-2-01 00:00:00,2022-05-30 00:00:00,active
b4ea88a8a18b069f4ac7407f091d1ff1,BIO-402 2022Summer,2022 Summer BIO-402 - Bioinformatics and Computational Biology: Analyzing Genomes with Python,BIO,2022Summer,2022-6-01 00:00:00,2022-08-30 00:00:00,active
935a7d6eb4699c1baa5cd495f680e0e1,BIO-402 2022Fall,2022 Fall BIO-402 - Bioinformatics and Computational Biology: Analyzing Genomes with Python,BIO,2022Fall,2022-8-01 00:00:00,2022-11-30 00:00:00,active
514d68fdcd3c355ea54d6be9ca08b01a,BIO-402 2023Winter,2023 Winter BIO-402 - Bioinformatics and Computational Biology: Analyzing Genomes with Python,BIO,2023Winter,2022-12-01 00:00:00,2023-01-30 00:00:00,active
930159d71af5e829b9578116f2209147,BIO-402 2023Spring,2023 Spring BIO-402 - Bioinformatics and Computational Biology: Analyzing Genomes with Python,BIO,2023Spring,2023-2-01 00:00:00,2023-05-30 00:00:00,active
2ebbfded7d94c6e4b5f0ba38decca368,BIO-402 2023Summer,2023 Summer BIO-402 - Bioinformatics and Computational Biology: Analyzing Genomes with Python,BIO,2023Summer,2023-6-01 00:00:00,2023-08-30 00:00:00,active
38501d9b6177de056178bdac743d4ce9,BIO-402 2023Fall,2023 Fall BIO-402 - Bioinformatics and Computational Biology: Analyzing Genomes with Python,BIO,2023Fall,2023-8-01 00:00:00,2023-11-30 00:00:00,active
baba761a5f5d6aff6b74d7b0ef30909e,BIO-402 2024Winter,2024 Winter BIO-402 - Bioinformatics and Computational Biology: Analyzing Genomes with Python,BIO,2024Winter,2023-12-01 00:00:00,2024-01-30 00:00:00,active
930159d71af5e829b9578116f2209147,BIO-402 2023Spring,2023 Spring BIO-402 - Bioinformatics and Computational Biology: Analyzing Genomes with Python,BIO,2023Spring,2024-2-01 00:00:00,2024-05-30 00:00:00,active
2ebbfded7d94c6e4b5f0ba38decca368,BIO-402 2023Summer,2023 Summer BIO-402 - Bioinformatics and Computational Biology: Analyzing Genomes with Python,BIO,2023Summer,2024-6-01 00:00:00,2024-08-30 00:00:00,active
38501d9b6177de056178bdac743d4ce9,BIO-402 2023Fall,2023 Fall BIO-402 - Bioinformatics and Computational Biology: Analyzing Genomes with Python,BIO,2023Fall,2024-8-01 00:00:00,2024-11-30 00:00:00,active
a51c5dd0c5cf0341a7d3293a4b5eb37c,BIO-402 2024NonCredit,2024NonCredit BIO-402 - Bioinformatics and Computational Biology: Analyzing Genomes with Python,BIO,2024NonCredit,2024-01-01 00:00:00,2024-12-31 00:00:00,active
c8917f48ac7e6bccb110e3d601ff647a,BIO-402 Teaching,Teaching BIO-402 - Bioinformatics and Computational Biology: Analyzing Genomes with Python,BIO,Teaching,,,active
88a2cdb5abc77ad807538e4f8dc2259c,BIO-402 Test,Test BIO-402 - Bioinformatics and Computational Biology: Analyzing Genomes with Python,BIO,Test,,,active
56ae964b9b0d7aba6c06c73b18e18783,BIO-108 2022Winter,2022 Winter BIO-108 - Biochemistry and Molecular Biology: Exploring Life's Building Blocks at 108,BIO,2022Winter,2021-12-01 00:00:00,2022-01-30 00:00:00,active
c596881a64358e7384f804724df1d325,BIO-108 2022Spring,2022 Spring BIO-108 - Biochemistry and Molecular Biology: Exploring Life's Building Blocks at 108,BIO,2022Spring,2022-2-01 00:00:00,2022-05-30 00:00:00,active
277f5772514f25d39d4f89c4750cc38a,BIO-108 2022Summer,2022 Summer BIO-108 - Biochemistry and Molecular Biology: Exploring Life's Building Blocks at 108,BIO,2022Summer,2022-6-01 00:00:00,2022-08-30 00:00:00,active
a4e863569a8269b3a7d357c59f613e17,BIO-108 2022Fall,2022 Fall BIO-108 - Biochemistry and Molecular Biology: Exploring Life's Building Blocks at 108,BIO,2022Fall,2022-8-01 00:00:00,2022-11-30 00:00:00,active
8e0f7a5bc02f56c186c1ca8160ec022e,BIO-108 2023Winter,2023 Winter BIO-108 - Biochemistry and Molecular Biology: Exploring Life's Building Blocks at 108,BIO,2023Winter,2022-12-01 00:00:00,2023-01-30 00:00:00,active
df1db32894aeb970664b13df0ddae70e,BIO-108 2023Spring,2023 Spring BIO-108 - Biochemistry and Molecular Biology: Exploring Life's Building Blocks at 108,BIO,2023Spring,2023-2-01 00:00:00,2023-05-30 00:00:00,active
fc8240479d7a1a4203f7e6a676c1f9dd,BIO-108 2023Summer,2023 Summer BIO-108 - Biochemistry and Molecular Biology: Exploring Life's Building Blocks at 108,BIO,2023Summer,2023-6-01 00:00:00,2023-08-30 00:00:00,active
01a60cd61cab7a2ed8467f79c150e1f7,BIO-108 2023Fall,2023 Fall BIO-108 - Biochemistry and Molecular Biology: Exploring Life's Building Blocks at 108,BIO,2023Fall,2023-8-01 00:00:00,2023-11-30 00:00:00,active
dfcb2578f6eb949b8ae7801015e81eb7,BIO-108 2024Winter,2024 Winter BIO-108 - Biochemistry and Molecular Biology: Exploring Life's Building Blocks at 108,BIO,2024Winter,2023-12-01 00:00:00,2024-01-30 00:00:00,active
df1db32894aeb970664b13df0ddae70e,BIO-108 2023Spring,2023 Spring BIO-108 - Biochemistry and Molecular Biology: Exploring Life's Building Blocks at 108,BIO,2023Spring,2024-2-01 00:00:00,2024-05-30 00:00:00,active
fc8240479d7a1a4203f7e6a676c1f9dd,BIO-108 2023Summer,2023 Summer BIO-108 - Biochemistry and Molecular Biology: Exploring Life's Building Blocks at 108,BIO,2023Summer,2024-6-01 00:00:00,2024-08-30 00:00:00,active
01a60cd61cab7a2ed8467f79c150e1f7,BIO-108 2023Fall,2023 Fall BIO-108 - Biochemistry and Molecular Biology: Exploring Life's Building Blocks at 108,BIO,2023Fall,2024-8-01 00:00:00,2024-11-30 00:00:00,active
8d2322137f823fa0c681504c73a3e84f,BIO-108 2024NonCredit,2024NonCredit BIO-108 - Biochemistry and Molecular Biology: Exploring Life's Building Blocks at 108,BIO,2024NonCredit,2024-01-01 00:00:00,2024-12-31 00:00:00,active
7084429eed7b21ab13533feef5e4c1ed,BIO-108 Teaching,Teaching BIO-108 - Biochemistry and Molecular Biology: Exploring Life's Building Blocks at 108,BIO,Teaching,,,active
850e69d2bbf6f6bd59475d9ad1deebd3,BIO-108 Test,Test BIO-108 - Biochemistry and Molecular Biology: Exploring Life's Building Blocks at 108,BIO,Test,,,active
c74e13e219df5a1428d43965d54da8fc,NUR-212 2022Winter,2022 Winter NUR-212 - Nursing in Urban Resilience: A Comprehensive Approach (Course 212),NUR,2022Winter,2021-12-01 00:00:00,2022-01-30 00:00:00,active
ac894e7c27f843871cee674f50b6d7a5,NUR-212 2022Spring,2022 Spring NUR-212 - Nursing in Urban Resilience: A Comprehensive Approach (Course 212),NUR,2022Spring,2022-2-01 00:00:00,2022-05-30 00:00:00,active
23dc8890dbf54de8a250fcd8898a0a7c,NUR-212 2022Summer,2022 Summer NUR-212 - Nursing in Urban Resilience: A Comprehensive Approach (Course 212),NUR,2022Summer,2022-6-01 00:00:00,2022-08-30 00:00:00,active
84727ab47c28afba826450afe6c264fb,NUR-212 2022Fall,2022 Fall NUR-212 - Nursing in Urban Resilience: A Comprehensive Approach (Course 212),NUR,2022Fall,2022-8-01 00:00:00,2022-11-30 00:00:00,active
d44691407aeb2e1b44fbf380c7873274,NUR-212 2023Winter,2023 Winter NUR-212 - Nursing in Urban Resilience: A Comprehensive Approach (Course 212),NUR,2023Winter,2022-12-01 00:00:00,2023-01-30 00:00:00,active
4e7ec7485167f699bdf63e2cefadc805,NUR-212 2023Spring,2023 Spring NUR-212 - Nursing in Urban Resilience: A Comprehensive Approach (Course 212),NUR,2023Spring,2023-2-01 00:00:00,2023-05-30 00:00:00,active
5c173c3a59444b087620a9feb21836bc,NUR-212 2023Summer,2023 Summer NUR-212 - Nursing in Urban Resilience: A Comprehensive Approach (Course 212),NUR,2023Summer,2023-6-01 00:00:00,2023-08-30 00:00:00,active
ceae331c7657de5c51461e9983e918c5,NUR-212 2023Fall,2023 Fall NUR-212 - Nursing in Urban Resilience: A Comprehensive Approach (Course 212),NUR,2023Fall,2023-8-01 00:00:00,2023-11-30 00:00:00,active
1838a979e224e9edf01f257759d40efe,NUR-212 2024Winter,2024 Winter NUR-212 - Nursing in Urban Resilience: A Comprehensive Approach (Course 212),NUR,2024Winter,2023-12-01 00:00:00,2024-01-30 00:00:00,active
4e7ec7485167f699bdf63e2cefadc805,NUR-212 2023Spring,2023 Spring NUR-212 - Nursing in Urban Resilience: A Comprehensive Approach (Course 212),NUR,2023Spring,2024-2-01 00:00:00,2024-05-30 00:00:00,active
5c173c3a59444b087620a9feb21836bc,NUR-212 2023Summer,2023 Summer NUR-212 - Nursing in Urban Resilience: A Comprehensive Approach (Course 212),NUR,2023Summer,2024-6-01 00:00:00,2024-08-30 00:00:00,active
ceae331c7657de5c51461e9983e918c5,NUR-212 2023Fall,2023 Fall NUR-212 - Nursing in Urban Resilience: A Comprehensive Approach (Course 212),NUR,2023Fall,2024-8-01 00:00:00,2024-11-30 00:00:00,active
dae7a2dea1401894eb66a2ae0507b3d0,NUR-212 2024NonCredit,2024NonCredit NUR-212 - Nursing in Urban Resilience: A Comprehensive Approach (Course 212),NUR,2024NonCredit,2024-01-01 00:00:00,2024-12-31 00:00:00,active
60a6ff47c385c230fe827370de50d58c,NUR-212 Teaching,Teaching NUR-212 - Nursing in Urban Resilience: A Comprehensive Approach (Course 212),NUR,Teaching,,,active
13e11eca6307a255d9104a9c2eb66a2d,NUR-212 Test,Test NUR-212 - Nursing in Urban Resilience: A Comprehensive Approach (Course 212),NUR,Test,,,active
2bb6e947bdfc1c8ac3a8d9c64377df13,NUR-421 2022Winter,2022 Winter NUR-421 - Advanced Clinical Decision-Making and Patient Care Strategies: A Comprehensive Study in Nursing,NUR,2022Winter,2021-12-01 00:00:00,2022-01-30 00:00:00,active
e61659f8ed41c696e35e31b782f69a2e,NUR-421 2022Spring,2022 Spring NUR-421 - Advanced Clinical Decision-Making and Patient Care Strategies: A Comprehensive Study in Nursing,NUR,2022Spring,2022-2-01 00:00:00,2022-05-30 00:00:00,active
24be79ff3bd924ae36abee51da29c36b,NUR-421 2022Summer,2022 Summer NUR-421 - Advanced Clinical Decision-Making and Patient Care Strategies: A Comprehensive Study in Nursing,NUR,2022Summer,2022-6-01 00:00:00,2022-08-30 00:00:00,active
af1fe1be83f4c49feffa899ca7ffc7db,NUR-421 2022Fall,2022 Fall NUR-421 - Advanced Clinical Decision-Making and Patient Care Strategies: A Comprehensive Study in Nursing,NUR,2022Fall,2022-8-01 00:00:00,2022-11-30 00:00:00,active
d18384c247daea5d8dcedffb81020660,NUR-421 2023Winter,2023 Winter NUR-421 - Advanced Clinical Decision-Making and Patient Care Strategies: A Comprehensive Study in Nursing,NUR,2023Winter,2022-12-01 00:00:00,2023-01-30 00:00:00,active
3cde82420035d812cab0970258dfe4e3,NUR-421 2023Spring,2023 Spring NUR-421 - Advanced Clinical Decision-Making and Patient Care Strategies: A Comprehensive Study in Nursing,NUR,2023Spring,2023-2-01 00:00:00,2023-05-30 00:00:00,active
ff8a47cbeac68f7bc837ca391cfc3c49,NUR-421 2023Summer,2023 Summer NUR-421 - Advanced Clinical Decision-Making and Patient Care Strategies: A Comprehensive Study in Nursing,NUR,2023Summer,2023-6-01 00:00:00,2023-08-30 00:00:00,active
26bbbaa511848c5e530e2cbb751be61a,NUR-421 2023Fall,2023 Fall NUR-421 - Advanced Clinical Decision-Making and Patient Care Strategies: A Comprehensive Study in Nursing,NUR,2023Fall,2023-8-01 00:00:00,2023-11-30 00:00:00,active
7c58bab0cbf3955d2bd12d388a0257d2,NUR-421 2024Winter,2024 Winter NUR-421 - Advanced Clinical Decision-Making and Patient Care Strategies: A Comprehensive Study in Nursing,NUR,2024Winter,2023-12-01 00:00:00,2024-01-30 00:00:00,active
3cde82420035d812cab0970258dfe4e3,NUR-421 2023Spring,2023 Spring NUR-421 - Advanced Clinical Decision-Making and Patient Care Strategies: A Comprehensive Study in Nursing,NUR,2023Spring,2024-2-01 00:00:00,2024-05-30 00:00:00,active
ff8a47cbeac68f7bc837ca391cfc3c49,NUR-421 2023Summer,2023 Summer NUR-421 - Advanced Clinical Decision-Making and Patient Care Strategies: A Comprehensive Study in Nursing,NUR,2023Summer,2024-6-01 00:00:00,2024-08-30 00:00:00,active
26bbbaa511848c5e530e2cbb751be61a,NUR-421 2023Fall,2023 Fall NUR-421 - Advanced Clinical Decision-Making and Patient Care Strategies: A Comprehensive Study in Nursing,NUR,2023Fall,2024-8-01 00:00:00,2024-11-30 00:00:00,active
365cb359b0a228402dc437bf2138c71b,NUR-421 2024NonCredit,2024NonCredit NUR-421 - Advanced Clinical Decision-Making and Patient Care Strategies: A Comprehensive Study in Nursing,NUR,2024NonCredit,2024-01-01 00:00:00,2024-12-31 00:00:00,active
d1a6c3fcb1bb1eac5d48db87e154c2b0,NUR-421 Teaching,Teaching NUR-421 - Advanced Clinical Decision-Making and Patient Care Strategies: A Comprehensive Study in Nursing,NUR,Teaching,,,active
2ce5e76e8812b33491d936e9a9f27e7d,NUR-421 Test,Test NUR-421 - Advanced Clinical Decision-Making and Patient Care Strategies: A Comprehensive Study in Nursing,NUR,Test,,,active
0132526a64a3bdf858dc06f67bc3e63c,NUR-279 2022Winter,2022 Winter NUR-279 - Nursing Research Methods and Analysis: Principles & Applications (Course Code: NUR 279),NUR,2022Winter,2021-12-01 00:00:00,2022-01-30 00:00:00,active
0cd0892978067c10202df73aac290550,NUR-279 2022Spring,2022 Spring NUR-279 - Nursing Research Methods and Analysis: Principles & Applications (Course Code: NUR 279),NUR,2022Spring,2022-2-01 00:00:00,2022-05-30 00:00:00,active
3d0ace5b68db27eb5cc4451a269db1ef,NUR-279 2022Summer,2022 Summer NUR-279 - Nursing Research Methods and Analysis: Principles & Applications (Course Code: NUR 279),NUR,2022Summer,2022-6-01 00:00:00,2022-08-30 00:00:00,active
d5adb2c2cbb559d5fc21bd912150bcca,NUR-279 2022Fall,2022 Fall NUR-279 - Nursing Research Methods and Analysis: Principles & Applications (Course Code: NUR 279),NUR,2022Fall,2022-8-01 00:00:00,2022-11-30 00:00:00,active
7fc4af5d61613f35668cde2a2aab5967,NUR-279 2023Winter,2023 Winter NUR-279 - Nursing Research Methods and Analysis: Principles & Applications (Course Code: NUR 279),NUR,2023Winter,2022-12-01 00:00:00,2023-01-30 00:00:00,active
7fbcc4d352e7870e7a597e9b3e66fe38,NUR-279 2023Spring,2023 Spring NUR-279 - Nursing Research Methods and Analysis: Principles & Applications (Course Code: NUR 279),NUR,2023Spring,2023-2-01 00:00:00,2023-05-30 00:00:00,active
61cdff27e8412c4ad1dbb0c4995a0e4b,NUR-279 2023Summer,2023 Summer NUR-279 - Nursing Research Methods and Analysis: Principles & Applications (Course Code: NUR 279),NUR,2023Summer,2023-6-01 00:00:00,2023-08-30 00:00:00,active
84c61049888886bc7bbeb83b87a7b05c,NUR-279 2023Fall,2023 Fall NUR-279 - Nursing Research Methods and Analysis: Principles & Applications (Course Code: NUR 279),NUR,2023Fall,2023-8-01 00:00:00,2023-11-30 00:00:00,active
85bed20642510e0a7ded7a2fff274b97,NUR-279 2024Winter,2024 Winter NUR-279 - Nursing Research Methods and Analysis: Principles & Applications (Course Code: NUR 279),NUR,2024Winter,2023-12-01 00:00:00,2024-01-30 00:00:00,active
7fbcc4d352e7870e7a597e9b3e66fe38,NUR-279 2023Spring,2023 Spring NUR-279 - Nursing Research Methods and Analysis: Principles & Applications (Course Code: NUR 279),NUR,2023Spring,2024-2-01 00:00:00,2024-05-30 00:00:00,active
61cdff27e8412c4ad1dbb0c4995a0e4b,NUR-279 2023Summer,2023 Summer NUR-279 - Nursing Research Methods and Analysis: Principles & Applications (Course Code: NUR 279),NUR,2023Summer,2024-6-01 00:00:00,2024-08-30 00:00:00,active
84c61049888886bc7bbeb83b87a7b05c,NUR-279 2023Fall,2023 Fall NUR-279 - Nursing Research Methods and Analysis: Principles & Applications (Course Code: NUR 279),NUR,2023Fall,2024-8-01 00:00:00,2024-11-30 00:00:00,active
9717203f6cf0fac417266b2cc2cf1a89,NUR-279 2024NonCredit,2024NonCredit NUR-279 - Nursing Research Methods and Analysis: Principles & Applications (Course Code: NUR 279),NUR,2024NonCredit,2024-01-01 00:00:00,2024-12-31 00:00:00,active
a57385a95de6d80cc2e2e777f2d32832,NUR-279 Teaching,Teaching NUR-279 - Nursing Research Methods and Analysis: Principles & Applications (Course Code: NUR 279),NUR,Teaching,,,active
b58e7db93eac133204ca7c80807cecae,NUR-279 Test,Test NUR-279 - Nursing Research Methods and Analysis: Principles & Applications (Course Code: NUR 279),NUR,Test,,,active
1fad3e92fb055d8c1ea640d803bff812,NUR-331 2022Winter,2022 Winter NUR-331 - Nursing Research Fundamentals: Evidence-Based Practice and Patient Outcomes,NUR,2022Winter,2021-12-01 00:00:00,2022-01-30 00:00:00,active
f83d8064bda621b7323567f4970a8fa2,NUR-331 2022Spring,2022 Spring NUR-331 - Nursing Research Fundamentals: Evidence-Based Practice and Patient Outcomes,NUR,2022Spring,2022-2-01 00:00:00,2022-05-30 00:00:00,active
97512e9cbd1b8c2a7a58f88a27e864cd,NUR-331 2022Summer,2022 Summer NUR-331 - Nursing Research Fundamentals: Evidence-Based Practice and Patient Outcomes,NUR,2022Summer,2022-6-01 00:00:00,2022-08-30 00:00:00,active
de2b31bbff88df139f7bbf77a4f7ed17,NUR-331 2022Fall,2022 Fall NUR-331 - Nursing Research Fundamentals: Evidence-Based Practice and Patient Outcomes,NUR,2022Fall,2022-8-01 00:00:00,2022-11-30 00:00:00,active
1366eb63c069a219d1db413cd33f9fb1,NUR-331 2023Winter,2023 Winter NUR-331 - Nursing Research Fundamentals: Evidence-Based Practice and Patient Outcomes,NUR,2023Winter,2022-12-01 00:00:00,2023-01-30 00:00:00,active
e469925cf6c648dc462409745382350a,NUR-331 2023Spring,2023 Spring NUR-331 - Nursing Research Fundamentals: Evidence-Based Practice and Patient Outcomes,NUR,2023Spring,2023-2-01 00:00:00,2023-05-30 00:00:00,active
a33118fc190ae258228b8fea965c2b1a,NUR-331 2023Summer,2023 Summer NUR-331 - Nursing Research Fundamentals: Evidence-Based Practice and Patient Outcomes,NUR,2023Summer,2023-6-01 00:00:00,2023-08-30 00:00:00,active
45d09c6d67f680fac1984559c505d08d,NUR-331 2023Fall,2023 Fall NUR-331 - Nursing Research Fundamentals: Evidence-Based Practice and Patient Outcomes,NUR,2023Fall,2023-8-01 00:00:00,2023-11-30 00:00:00,active
bc1624e0640a42117a50577abd1a9318,NUR-331 2024Winter,2024 Winter NUR-331 - Nursing Research Fundamentals: Evidence-Based Practice and Patient Outcomes,NUR,2024Winter,2023-12-01 00:00:00,2024-01-30 00:00:00,active
e469925cf6c648dc462409745382350a,NUR-331 2023Spring,2023 Spring NUR-331 - Nursing Research Fundamentals: Evidence-Based Practice and Patient Outcomes,NUR,2023Spring,2024-2-01 00:00:00,2024-05-30 00:00:00,active
a33118fc190ae258228b8fea965c2b1a,NUR-331 2023Summer,2023 Summer NUR-331 - Nursing Research Fundamentals: Evidence-Based Practice and Patient Outcomes,NUR,2023Summer,2024-6-01 00:00:00,2024-08-30 00:00:00,active
45d09c6d67f680fac1984559c505d08d,NUR-331 2023Fall,2023 Fall NUR-331 - Nursing Research Fundamentals: Evidence-Based Practice and Patient Outcomes,NUR,2023Fall,2024-8-01 00:00:00,2024-11-30 00:00:00,active
e6497aa011a85fca3e35ee278cea7c83,NUR-331 2024NonCredit,2024NonCredit NUR-331 - Nursing Research Fundamentals: Evidence-Based Practice and Patient Outcomes,NUR,2024NonCredit,2024-01-01 00:00:00,2024-12-31 00:00:00,active
53afff0c1cba7f4a3428db5d9f00c447,NUR-331 Teaching,Teaching NUR-331 - Nursing Research Fundamentals: Evidence-Based Practice and Patient Outcomes,NUR,Teaching,,,active
b7df2836e1aa2ab3286183981bb10035,NUR-331 Test,Test NUR-331 - Nursing Research Fundamentals: Evidence-Based Practice and Patient Outcomes,NUR,Test,,,deleted
319fe4bd726b4355e308f0e0cc9fa177,ENG-188 2022Winter,2022 Winter ENG-188 - Engineering Principles and Applications: A Comprehensive Study of Modern Engineering (Course Code: ENG 188),ENG,2022Winter,2021-12-01 00:00:00,2022-01-30 00:00:00,active
00912e2e5824b22aa02612fff8fad6a6,ENG-188 2022Spring,2022 Spring ENG-188 - Engineering Principles and Applications: A Comprehensive Study of Modern Engineering (Course Code: ENG 188),ENG,2022Spring,2022-2-01 00:00:00,2022-05-30 00:00:00,active
bfcc520af0cd924004d3e1f169d7a64d,ENG-188 2022Summer,2022 Summer ENG-188 - Engineering Principles and Applications: A Comprehensive Study of Modern Engineering (Course Code: ENG 188),ENG,2022Summer,2022-6-01 00:00:00,2022-08-30 00:00:00,active
69689e891f8ca3c1aeac0bd90aa94e86,ENG-188 2022Fall,2022 Fall ENG-188 - Engineering Principles and Applications: A Comprehensive Study of Modern Engineering (Course Code: ENG 188),ENG,2022Fall,2022-8-01 00:00:00,2022-11-30 00:00:00,active
0d03d9e0a77e0d568d6b1b75d6cf59b3,ENG-188 2023Winter,2023 Winter ENG-188 - Engineering Principles and Applications: A Comprehensive Study of Modern Engineering (Course Code: ENG 188),ENG,2023Winter,2022-12-01 00:00:00,2023-01-30 00:00:00,deleted
9e6b9c8f87639f4bfb48e17f0604e719,ENG-188 2023Spring,2023 Spring ENG-188 - Engineering Principles and Applications: A Comprehensive Study of Modern Engineering (Course Code: ENG 188),ENG,2023Spring,2023-2-01 00:00:00,2023-05-30 00:00:00,active
4ca3a04c8a65078f7352c58067e44a2b,ENG-188 2023Summer,2023 Summer ENG-188 - Engineering Principles and Applications: A Comprehensive Study of Modern Engineering (Course Code: ENG 188),ENG,2023Summer,2023-6-01 00:00:00,2023-08-30 00:00:00,active
07db7834b6f40b5a5b8054117b430dd5,ENG-188 2023Fall,2023 Fall ENG-188 - Engineering Principles and Applications: A Comprehensive Study of Modern Engineering (Course Code: ENG 188),ENG,2023Fall,2023-8-01 00:00:00,2023-11-30 00:00:00,active
6700f7eb8422f96b5b4c10275369805a,ENG-188 2024Winter,2024 Winter ENG-188 - Engineering Principles and Applications: A Comprehensive Study of Modern Engineering (Course Code: ENG 188),ENG,2024Winter,2023-12-01 00:00:00,2024-01-30 00:00:00,active
9e6b9c8f87639f4bfb48e17f0604e719,ENG-188 2023Spring,2023 Spring ENG-188 - Engineering Principles and Applications: A Comprehensive Study of Modern Engineering (Course Code: ENG 188),ENG,2023Spring,2024-2-01 00:00:00,2024-05-30 00:00:00,active
4ca3a04c8a65078f7352c58067e44a2b,ENG-188 2023Summer,2023 Summer ENG-188 - Engineering Principles and Applications: A Comprehensive Study of Modern Engineering (Course Code: ENG 188),ENG,2023Summer,2024-6-01 00:00:00,2024-08-30 00:00:00,active
07db7834b6f40b5a5b8054117b430dd5,ENG-188 2023Fall,2023 Fall ENG-188 - Engineering Principles and Applications: A Comprehensive Study of Modern Engineering (Course Code: ENG 188),ENG,2023Fall,2024-8-01 00:00:00,2024-11-30 00:00:00,active
976d10135d6d378047e2e4957c2af1bb,ENG-188 2024NonCredit,2024NonCredit ENG-188 - Engineering Principles and Applications: A Comprehensive Study of Modern Engineering (Course Code: ENG 188),ENG,2024NonCredit,2024-01-01 00:00:00,2024-12-31 00:00:00,active
6900d938cbe42a11bbfda1270f56a269,ENG-188 Teaching,Teaching ENG-188 - Engineering Principles and Applications: A Comprehensive Study of Modern Engineering (Course Code: ENG 188),ENG,Teaching,,,active
b74d8c476eb75b2a4dbffdb2257d1fb1,ENG-188 Test,Test ENG-188 - Engineering Principles and Applications: A Comprehensive Study of Modern Engineering (Course Code: ENG 188),ENG,Test,,,active
41b48cdb60d9af46c004496124893be5,ENG-185 2022Winter,2022 Winter ENG-185 - Advanced Literary Analysis: Exploring Diverse Narratives and Genres,ENG,2022Winter,2021-12-01 00:00:00,2022-01-30 00:00:00,active
557cf4a365cece79067a6eb09d53037b,ENG-185 2022Spring,2022 Spring ENG-185 - Advanced Literary Analysis: Exploring Diverse Narratives and Genres,ENG,2022Spring,2022-2-01 00:00:00,2022-05-30 00:00:00,active
7f6d26ab7da7daef1f08e8ff7347c860,ENG-185 2022Summer,2022 Summer ENG-185 - Advanced Literary Analysis: Exploring Diverse Narratives and Genres,ENG,2022Summer,2022-6-01 00:00:00,2022-08-30 00:00:00,active
20f8bebb17d3526677db08a94ed0279a,ENG-185 2022Fall,2022 Fall ENG-185 - Advanced Literary Analysis: Exploring Diverse Narratives and Genres,ENG,2022Fall,2022-8-01 00:00:00,2022-11-30 00:00:00,active
03112d054f8d5318ee469170cfa18bc6,ENG-185 2023Winter,2023 Winter ENG-185 - Advanced Literary Analysis: Exploring Diverse Narratives and Genres,ENG,2023Winter,2022-12-01 00:00:00,2023-01-30 00:00:00,active
97f432c2ea6ab56ff66a7f8317dbc82f,ENG-185 2023Spring,2023 Spring ENG-185 - Advanced Literary Analysis: Exploring Diverse Narratives and Genres,ENG,2023Spring,2023-2-01 00:00:00,2023-05-30 00:00:00,active
c1f6619c6270f7182c2eceae0f086d18,ENG-185 2023Summer,2023 Summer ENG-185 - Advanced Literary Analysis: Exploring Diverse Narratives and Genres,ENG,2023Summer,2023-6-01 00:00:00,2023-08-30 00:00:00,active
d6d670774cd0bdf6fe6bd4133656de31,ENG-185 2023Fall,2023 Fall ENG-185 - Advanced Literary Analysis: Exploring Diverse Narratives and Genres,ENG,2023Fall,2023-8-01 00:00:00,2023-11-30 00:00:00,active
edfd74f55c80b2a5e553195aeb937020,ENG-185 2024Winter,2024 Winter ENG-185 - Advanced Literary Analysis: Exploring Diverse Narratives and Genres,ENG,2024Winter,2023-12-01 00:00:00,2024-01-30 00:00:00,active
97f432c2ea6ab56ff66a7f8317dbc82f,ENG-185 2023Spring,2023 Spring ENG-185 - Advanced Literary Analysis: Exploring Diverse Narratives and Genres,ENG,2023Spring,2024-2-01 00:00:00,2024-05-30 00:00:00,active
c1f6619c6270f7182c2eceae0f086d18,ENG-185 2023Summer,2023 Summer ENG-185 - Advanced Literary Analysis: Exploring Diverse Narratives and Genres,ENG,2023Summer,2024-6-01 00:00:00,2024-08-30 00:00:00,active
d6d670774cd0bdf6fe6bd4133656de31,ENG-185 2023Fall,2023 Fall ENG-185 - Advanced Literary Analysis: Exploring Diverse Narratives and Genres,ENG,2023Fall,2024-8-01 00:00:00,2024-11-30 00:00:00,active
f64b17c4aecbd981b76e808c80cd00fb,ENG-185 2024NonCredit,2024NonCredit ENG-185 - Advanced Literary Analysis: Exploring Diverse Narratives and Genres,ENG,2024NonCredit,2024-01-01 00:00:00,2024-12-31 00:00:00,active
ea04591fb29354ff26895ed851eab278,ENG-185 Teaching,Teaching ENG-185 - Advanced Literary Analysis: Exploring Diverse Narratives and Genres,ENG,Teaching,,,active
b2d123443483c67b2321734b77be7f3d,ENG-185 Test,Test ENG-185 - Advanced Literary Analysis: Exploring Diverse Narratives and Genres,ENG,Test,,,active
99c061077102a56138a7a7e2b4aea964,ENG-135 2022Winter,2022 Winter ENG-135 - Essential Engineering: Principles and Applications for Successful Project Management,ENG,2022Winter,2021-12-01 00:00:00,2022-01-30 00:00:00,active
ca5eb84ee5c2dc77c05789f445f3e794,ENG-135 2022Spring,2022 Spring ENG-135 - Essential Engineering: Principles and Applications for Successful Project Management,ENG,2022Spring,2022-2-01 00:00:00,2022-05-30 00:00:00,active
87fdf0c15ec9ee9e5265f0192b6e5a69,ENG-135 2022Summer,2022 Summer ENG-135 - Essential Engineering: Principles and Applications for Successful Project Management,ENG,2022Summer,2022-6-01 00:00:00,2022-08-30 00:00:00,active
b8cb8bbda4404060e657d2de3d74afd3,ENG-135 2022Fall,2022 Fall ENG-135 - Essential Engineering: Principles and Applications for Successful Project Management,ENG,2022Fall,2022-8-01 00:00:00,2022-11-30 00:00:00,active
8fb995f1fb890afa6a2d9ffe9fc3a906,ENG-135 2023Winter,2023 Winter ENG-135 - Essential Engineering: Principles and Applications for Successful Project Management,ENG,2023Winter,2022-12-01 00:00:00,2023-01-30 00:00:00,active
faea8e7600349d3d9544d5ff43efc3ad,ENG-135 2023Spring,2023 Spring ENG-135 - Essential Engineering: Principles and Applications for Successful Project Management,ENG,2023Spring,2023-2-01 00:00:00,2023-05-30 00:00:00,active
772779744c9feeeaa007d0c73b89d17f,ENG-135 2023Summer,2023 Summer ENG-135 - Essential Engineering: Principles and Applications for Successful Project Management,ENG,2023Summer,2023-6-01 00:00:00,2023-08-30 00:00:00,active
da7ffb7fc0ace31db62a3d1fb88278b5,ENG-135 2023Fall,2023 Fall ENG-135 - Essential Engineering: Principles and Applications for Successful Project Management,ENG,2023Fall,2023-8-01 00:00:00,2023-11-30 00:00:00,active
f92be57ff26fa70a67f0a80351b512bc,ENG-135 2024Winter,2024 Winter ENG-135 - Essential Engineering: Principles and Applications for Successful Project Management,ENG,2024Winter,2023-12-01 00:00:00,2024-01-30 00:00:00,active
faea8e7600349d3d9544d5ff43efc3ad,ENG-135 2023Spring,2023 Spring ENG-135 - Essential Engineering: Principles and Applications for Successful Project Management,ENG,2023Spring,2024-2-01 00:00:00,2024-05-30 00:00:00,active
772779744c9feeeaa007d0c73b89d17f,ENG-135 2023Summer,2023 Summer ENG-135 - Essential Engineering: Principles and Applications for Successful Project Management,ENG,2023Summer,2024-6-01 00:00:00,2024-08-30 00:00:00,active
da7ffb7fc0ace31db62a3d1fb88278b5,ENG-135 2023Fall,2023 Fall ENG-135 - Essential Engineering: Principles and Applications for Successful Project Management,ENG,2023Fall,2024-8-01 00:00:00,2024-11-30 00:00:00,active
50039ec8ff78ef725afb0865b413b945,ENG-135 2024NonCredit,2024NonCredit ENG-135 - Essential Engineering: Principles and Applications for Successful Project Management,ENG,2024NonCredit,2024-01-01 00:00:00,2024-12-31 00:00:00,active
41f3140c9e32cc33d303c5edae4007c2,ENG-135 Teaching,Teaching ENG-135 - Essential Engineering: Principles and Applications for Successful Project Management,ENG,Teaching,,,active
d3e1a47735e91ef94e11b7259a495ea6,ENG-135 Test,Test ENG-135 - Essential Engineering: Principles and Applications for Successful Project Management,ENG,Test,,,active
4792006380f72ec8a93ad05d6ab86399,ENG-173 2022Winter,2022 Winter ENG-173 - Interdisciplinary Approaches in Literary Analysis: Exploring Themes and Contexts,ENG,2022Winter,2021-12-01 00:00:00,2022-01-30 00:00:00,active
6370098d8f8c11aec479ad1218637667,ENG-173 2022Spring,2022 Spring ENG-173 - Interdisciplinary Approaches in Literary Analysis: Exploring Themes and Contexts,ENG,2022Spring,2022-2-01 00:00:00,2022-05-30 00:00:00,active
4101cf91a953c60e8c1cca3ea1600162,ENG-173 2022Summer,2022 Summer ENG-173 - Interdisciplinary Approaches in Literary Analysis: Exploring Themes and Contexts,ENG,2022Summer,2022-6-01 00:00:00,2022-08-30 00:00:00,deleted
517d742d8d4e630bad83239529f92e9c,ENG-173 2022Fall,2022 Fall ENG-173 - Interdisciplinary Approaches in Literary Analysis: Exploring Themes and Contexts,ENG,2022Fall,2022-8-01 00:00:00,2022-11-30 00:00:00,active
208b182dd7919f315c1b384b4176736c,ENG-173 2023Winter,2023 Winter ENG-173 - Interdisciplinary Approaches in Literary Analysis: Exploring Themes and Contexts,ENG,2023Winter,2022-12-01 00:00:00,2023-01-30 00:00:00,active
5d6c46f54976bea9874e04d3a334ef67,ENG-173 2023Spring,2023 Spring ENG-173 - Interdisciplinary Approaches in Literary Analysis: Exploring Themes and Contexts,ENG,2023Spring,2023-2-01 00:00:00,2023-05-30 00:00:00,active
163d20fa327c659d0e86e201aa494261,ENG-173 2023Summer,2023 Summer ENG-173 - Interdisciplinary Approaches in Literary Analysis: Exploring Themes and Contexts,ENG,2023Summer,2023-6-01 00:00:00,2023-08-30 00:00:00,active
29662e5d78ebd5982d0590df0bb67f88,ENG-173 2023Fall,2023 Fall ENG-173 - Interdisciplinary Approaches in Literary Analysis: Exploring Themes and Contexts,ENG,2023Fall,2023-8-01 00:00:00,2023-11-30 00:00:00,active
993a73fc31403010f64a058e0ff163c7,ENG-173 2024Winter,2024 Winter ENG-173 - Interdisciplinary Approaches in Literary Analysis: Exploring Themes and Contexts,ENG,2024Winter,2023-12-01 00:00:00,2024-01-30 00:00:00,active
5d6c46f54976bea9874e04d3a334ef67,ENG-173 2023Spring,2023 Spring ENG-173 - Interdisciplinary Approaches in Literary Analysis: Exploring Themes and Contexts,ENG,2023Spring,2024-2-01 00:00:00,2024-05-30 00:00:00,active
163d20fa327c659d0e86e201aa494261,ENG-173 2023Summer,2023 Summer ENG-173 - Interdisciplinary Approaches in Literary Analysis: Exploring Themes and Contexts,ENG,2023Summer,2024-6-01 00:00:00,2024-08-30 00:00:00,active
29662e5d78ebd5982d0590df0bb67f88,ENG-173 2023Fall,2023 Fall ENG-173 - Interdisciplinary Approaches in Literary Analysis: Exploring Themes and Contexts,ENG,2023Fall,2024-8-01 00:00:00,2024-11-30 00:00:00,active
8b21832d39f5ee4492b72e53862d0439,ENG-173 2024NonCredit,2024NonCredit ENG-173 - Interdisciplinary Approaches in Literary Analysis: Exploring Themes and Contexts,ENG,2024NonCredit,2024-01-01 00:00:00,2024-12-31 00:00:00,active
66c949f94a1fde36f41e57d1ee496beb,ENG-173 Teaching,Teaching ENG-173 - Interdisciplinary Approaches in Literary Analysis: Exploring Themes and Contexts,ENG,Teaching,,,active
3bf47b74321e1f6b8afc0f5d3f792782,ENG-173 Test,Test ENG-173 - Interdisciplinary Approaches in Literary Analysis: Exploring Themes and Contexts,ENG,Test,,,active
0eae1be69d86820ef9777c51b1377aa6,ENG-134 2022Winter,2022 Winter ENG-134 - Intermediate English Grammar: Exploring Concepts and Structures (Course Code: ENG134),ENG,2022Winter,2021-12-01 00:00:00,2022-01-30 00:00:00,active
a7978e9dc3472ffc9b5dda9e26af19f2,ENG-134 2022Spring,2022 Spring ENG-134 - Intermediate English Grammar: Exploring Concepts and Structures (Course Code: ENG134),ENG,2022Spring,2022-2-01 00:00:00,2022-05-30 00:00:00,active
57cd6ba8b2153fd6dfdbf7671e283a3f,ENG-134 2022Summer,2022 Summer ENG-134 - Intermediate English Grammar: Exploring Concepts and Structures (Course Code: ENG134),ENG,2022Summer,2022-6-01 00:00:00,2022-08-30 00:00:00,active
9faa44c7c3a86c4f44c0374f0d8a7020,ENG-134 2022Fall,2022 Fall ENG-134 - Intermediate English Grammar: Exploring Concepts and Structures (Course Code: ENG134),ENG,2022Fall,2022-8-01 00:00:00,2022-11-30 00:00:00,active
2b17ebe94a725ad5b1019ec592cbf838,ENG-134 2023Winter,2023 Winter ENG-134 - Intermediate English Grammar: Exploring Concepts and Structures (Course Code: ENG134),ENG,2023Winter,2022-12-01 00:00:00,2023-01-30 00:00:00,active
15f196ab577ebf774f2116832fc58dc6,ENG-134 2023Spring,2023 Spring ENG-134 - Intermediate English Grammar: Exploring Concepts and Structures (Course Code: ENG134),ENG,2023Spring,2023-2-01 00:00:00,2023-05-30 00:00:00,active
f6d1359d38d5358c69f0d866bccdbd99,ENG-134 2023Summer,2023 Summer ENG-134 - Intermediate English Grammar: Exploring Concepts and Structures (Course Code: ENG134),ENG,2023Summer,2023-6-01 00:00:00,2023-08-30 00:00:00,active
54631b56ac41c40d51dd8c68063fcd07,ENG-134 2023Fall,2023 Fall ENG-134 - Intermediate English Grammar: Exploring Concepts and Structures (Course Code: ENG134),ENG,2023Fall,2023-8-01 00:00:00,2023-11-30 00:00:00,active
cdb90d5574b429705f0fc89c967a362d,ENG-134 2024Winter,2024 Winter ENG-134 - Intermediate English Grammar: Exploring Concepts and Structures (Course Code: ENG134),ENG,2024Winter,2023-12-01 00:00:00,2024-01-30 00:00:00,active
15f196ab577ebf774f2116832fc58dc6,ENG-134 2023Spring,2023 Spring ENG-134 - Intermediate English Grammar: Exploring Concepts and Structures (Course Code: ENG134),ENG,2023Spring,2024-2-01 00:00:00,2024-05-30 00:00:00,active
f6d1359d38d5358c69f0d866bccdbd99,ENG-134 2023Summer,2023 Summer ENG-134 - Intermediate English Grammar: Exploring Concepts and Structures (Course Code: ENG134),ENG,2023Summer,2024-6-01 00:00:00,2024-08-30 00:00:00,active
54631b56ac41c40d51dd8c68063fcd07,ENG-134 2023Fall,2023 Fall ENG-134 - Intermediate English Grammar: Exploring Concepts and Structures (Course Code: ENG134),ENG,2023Fall,2024-8-01 00:00:00,2024-11-30 00:00:00,active
1de29fa25815bdd0c52cc3381ee2a2ef,ENG-134 2024NonCredit,2024NonCredit ENG-134 - Intermediate English Grammar: Exploring Concepts and Structures (Course Code: ENG134),ENG,2024NonCredit,2024-01-01 00:00:00,2024-12-31 00:00:00,active
c76323f69a02d1f6855bdbd7f7230b31,ENG-134 Teaching,Teaching ENG-134 - Intermediate English Grammar: Exploring Concepts and Structures (Course Code: ENG134),ENG,Teaching,,,active
39acecdea0758db02d2bcf4a9e9d4a22,ENG-134 Test,Test ENG-134 - Intermediate English Grammar: Exploring Concepts and Structures (Course Code: ENG134),ENG,Test,,,active
73ba504eb245e11d3c8cbda2a6430d1e,ENG-277 2022Winter,2022 Winter ENG-277 - Advanced English: Literature and Composition,ENG,2022Winter,2021-12-01 00:00:00,2022-01-30 00:00:00,active
8230c4df518373344f4f87270c65919d,ENG-277 2022Spring,2022 Spring ENG-277 - Advanced English: Literature and Composition,ENG,2022Spring,2022-2-01 00:00:00,2022-05-30 00:00:00,active
8064eaf8db1ab98153fb52fafbcf66c4,ENG-277 2022Summer,2022 Summer ENG-277 - Advanced English: Literature and Composition,ENG,2022Summer,2022-6-01 00:00:00,2022-08-30 00:00:00,active
16323d960ae63405b3db50c5ac1cac4a,ENG-277 2022Fall,2022 Fall ENG-277 - Advanced English: Literature and Composition,ENG,2022Fall,2022-8-01 00:00:00,2022-11-30 00:00:00,active
846545a0c71ff3c3731ce285f8838e09,ENG-277 2023Winter,2023 Winter ENG-277 - Advanced English: Literature and Composition,ENG,2023Winter,2022-12-01 00:00:00,2023-01-30 00:00:00,active
b7d261a853bb80a234702296ebda43b5,ENG-277 2023Spring,2023 Spring ENG-277 - Advanced English: Literature and Composition,ENG,2023Spring,2023-2-01 00:00:00,2023-05-30 00:00:00,active
71cabd8a2b7dd96b37dcb8d4106c20fc,ENG-277 2023Summer,2023 Summer ENG-277 - Advanced English: Literature and Composition,ENG,2023Summer,2023-6-01 00:00:00,2023-08-30 00:00:00,active
af76dce374315b1617e0e008cbfa6f0e,ENG-277 2023Fall,2023 Fall ENG-277 - Advanced English: Literature and Composition,ENG,2023Fall,2023-8-01 00:00:00,2023-11-30 00:00:00,active
f54be9ec46b13d75489e626c390f303e,ENG-277 2024Winter,2024 Winter ENG-277 - Advanced English: Literature and Composition,ENG,2024Winter,2023-12-01 00:00:00,2024-01-30 00:00:00,active
b7d261a853bb80a234702296ebda43b5,ENG-277 2023Spring,2023 Spring ENG-277 - Advanced English: Literature and Composition,ENG,2023Spring,2024-2-01 00:00:00,2024-05-30 00:00:00,active
71cabd8a2b7dd96b37dcb8d4106c20fc,ENG-277 2023Summer,2023 Summer ENG-277 - Advanced English: Literature and Composition,ENG,2023Summer,2024-6-01 00:00:00,2024-08-30 00:00:00,active
af76dce374315b1617e0e008cbfa6f0e,ENG-277 2023Fall,2023 Fall ENG-277 - Advanced English: Literature and Composition,ENG,2023Fall,2024-8-01 00:00:00,2024-11-30 00:00:00,active
a3533b92120640a1bca9e67b3c6a3c93,ENG-277 2024NonCredit,2024NonCredit ENG-277 - Advanced English: Literature and Composition,ENG,2024NonCredit,2024-01-01 00:00:00,2024-12-31 00:00:00,active
c0efdc9515c63f763f666b774fa6a994,ENG-277 Teaching,Teaching ENG-277 - Advanced English: Literature and Composition,ENG,Teaching,,,active
8c8b3f40618914d8ad22dc0f22771aea,ENG-277 Test,Test ENG-277 - Advanced English: Literature and Composition,ENG,Test,,,active
99f91d2793e017118beadb23828f4d30,ENG-419 2022Winter,2022 Winter ENG-419 - Combating Online Fraud: Understanding and Mitigating 419 Scams through English Communication Skills,ENG,2022Winter,2021-12-01 00:00:00,2022-01-30 00:00:00,active
5343d03a4d722b59d7f99d57eecadf11,ENG-419 2022Spring,2022 Spring ENG-419 - Combating Online Fraud: Understanding and Mitigating 419 Scams through English Communication Skills,ENG,2022Spring,2022-2-01 00:00:00,2022-05-30 00:00:00,active
84eec74cc592bc39064a2121c606fec2,ENG-419 2022Summer,2022 Summer ENG-419 - Combating Online Fraud: Understanding and Mitigating 419 Scams through English Communication Skills,ENG,2022Summer,2022-6-01 00:00:00,2022-08-30 00:00:00,active
4850d9c69af7ca2e1139e70003cc5f20,ENG-419 2022Fall,2022 Fall ENG-419 - Combating Online Fraud: Understanding and Mitigating 419 Scams through English Communication Skills,ENG,2022Fall,2022-8-01 00:00:00,2022-11-30 00:00:00,active
f3c4d67afd368c9b540f5548a416e2b3,ENG-419 2023Winter,2023 Winter ENG-419 - Combating Online Fraud: Understanding and Mitigating 419 Scams through English Communication Skills,ENG,2023Winter,2022-12-01 00:00:00,2023-01-30 00:00:00,active
da9a2793d60240cb9494e40dc5a0dcbf,ENG-419 2023Spring,2023 Spring ENG-419 - Combating Online Fraud: Understanding and Mitigating 419 Scams through English Communication Skills,ENG,2023Spring,2023-2-01 00:00:00,2023-05-30 00:00:00,active
734331c9362f2fc9ebbb23296f639797,ENG-419 2023Summer,2023 Summer ENG-419 - Combating Online Fraud: Understanding and Mitigating 419 Scams through English Communication Skills,ENG,2023Summer,2023-6-01 00:00:00,2023-08-30 00:00:00,active
8928dc541261cea99279bc8083e923d4,ENG-419 2023Fall,2023 Fall ENG-419 - Combating Online Fraud: Understanding and Mitigating 419 Scams through English Communication Skills,ENG,2023Fall,2023-8-01 00:00:00,2023-11-30 00:00:00,active
76096a474f68e92c3867101d98c5adf0,ENG-419 2024Winter,2024 Winter ENG-419 - Combating Online Fraud: Understanding and Mitigating 419 Scams through English Communication Skills,ENG,2024Winter,2023-12-01 00:00:00,2024-01-30 00:00:00,active
da9a2793d60240cb9494e40dc5a0dcbf,ENG-419 2023Spring,2023 Spring ENG-419 - Combating Online Fraud: Understanding and Mitigating 419 Scams through English Communication Skills,ENG,2023Spring,2024-2-01 00:00:00,2024-05-30 00:00:00,active
734331c9362f2fc9ebbb23296f639797,ENG-419 2023Summer,2023 Summer ENG-419 - Combating Online Fraud: Understanding and Mitigating 419 Scams through English Communication Skills,ENG,2023Summer,2024-6-01 00:00:00,2024-08-30 00:00:00,active
8928dc541261cea99279bc8083e923d4,ENG-419 2023Fall,2023 Fall ENG-419 - Combating Online Fraud: Understanding and Mitigating 419 Scams through English Communication Skills,ENG,2023Fall,2024-8-01 00:00:00,2024-11-30 00:00:00,active
469ce40fb3d025c4c47361551b0ce149,ENG-419 2024NonCredit,2024NonCredit ENG-419 - Combating Online Fraud: Understanding and Mitigating 419 Scams through English Communication Skills,ENG,2024NonCredit,2024-01-01 00:00:00,2024-12-31 00:00:00,active
21c8af03301af48788a6168a92458111,ENG-419 Teaching,Teaching ENG-419 - Combating Online Fraud: Understanding and Mitigating 419 Scams through English Communication Skills,ENG,Teaching,,,active
a663f096e9fad3fab318cdb45267e18b,ENG-419 Test,Test ENG-419 - Combating Online Fraud: Understanding and Mitigating 419 Scams through English Communication Skills,ENG,Test,,,active
495b872465ef60f2a36b9fb91e30c833,ENG-200 2022Winter,2022 Winter ENG-200 - Interactive Digital Storytelling: Navigating Creative Writing and Media Integration,ENG,2022Winter,2021-12-01 00:00:00,2022-01-30 00:00:00,active
e0ae7cb8274b2828fc8edec285d00a78,ENG-200 2022Spring,2022 Spring ENG-200 - Interactive Digital Storytelling: Navigating Creative Writing and Media Integration,ENG,2022Spring,2022-2-01 00:00:00,2022-05-30 00:00:00,active
0f9f8e7bb4f5e133807414cd131189ae,ENG-200 2022Summer,2022 Summer ENG-200 - Interactive Digital Storytelling: Navigating Creative Writing and Media Integration,ENG,2022Summer,2022-6-01 00:00:00,2022-08-30 00:00:00,active
9cb96a582c37672a8dee754ace0e8927,ENG-200 2022Fall,2022 Fall ENG-200 - Interactive Digital Storytelling: Navigating Creative Writing and Media Integration,ENG,2022Fall,2022-8-01 00:00:00,2022-11-30 00:00:00,active
168a6884a4d44affa934727c9df3de6e,ENG-200 2023Winter,2023 Winter ENG-200 - Interactive Digital Storytelling: Navigating Creative Writing and Media Integration,ENG,2023Winter,2022-12-01 00:00:00,2023-01-30 00:00:00,active
f41f93dbd21d8192cfced8eab49ac9b7,ENG-200 2023Spring,2023 Spring ENG-200 - Interactive Digital Storytelling: Navigating Creative Writing and Media Integration,ENG,2023Spring,2023-2-01 00:00:00,2023-05-30 00:00:00,active
3a003a27258ec3bd92e95b372dfa6479,ENG-200 2023Summer,2023 Summer ENG-200 - Interactive Digital Storytelling: Navigating Creative Writing and Media Integration,ENG,2023Summer,2023-6-01 00:00:00,2023-08-30 00:00:00,active
c784c324085c76ff416699283387bd4b,ENG-200 2023Fall,2023 Fall ENG-200 - Interactive Digital Storytelling: Navigating Creative Writing and Media Integration,ENG,2023Fall,2023-8-01 00:00:00,2023-11-30 00:00:00,active
5530a442fe3606f9e9199abd415ead2a,ENG-200 2024Winter,2024 Winter ENG-200 - Interactive Digital Storytelling: Navigating Creative Writing and Media Integration,ENG,2024Winter,2023-12-01 00:00:00,2024-01-30 00:00:00,active
f41f93dbd21d8192cfced8eab49ac9b7,ENG-200 2023Spring,2023 Spring ENG-200 - Interactive Digital Storytelling: Navigating Creative Writing and Media Integration,ENG,2023Spring,2024-2-01 00:00:00,2024-05-30 00:00:00,active
3a003a27258ec3bd92e95b372dfa6479,ENG-200 2023Summer,2023 Summer ENG-200 - Interactive Digital Storytelling: Navigating Creative Writing and Media Integration,ENG,2023Summer,2024-6-01 00:00:00,2024-08-30 00:00:00,active
c784c324085c76ff416699283387bd4b,ENG-200 2023Fall,2023 Fall ENG-200 - Interactive Digital Storytelling: Navigating Creative Writing and Media Integration,ENG,2023Fall,2024-8-01 00:00:00,2024-11-30 00:00:00,active
55a1ce21686016ca13d8852fc9d7e923,ENG-200 2024NonCredit,2024NonCredit ENG-200 - Interactive Digital Storytelling: Navigating Creative Writing and Media Integration,ENG,2024NonCredit,2024-01-01 00:00:00,2024-12-31 00:00:00,active
f47fb22efa52e8f70dbe3539873bbd30,ENG-200 Teaching,Teaching ENG-200 - Interactive Digital Storytelling: Navigating Creative Writing and Media Integration,ENG,Teaching,,,active
d45308dcff53132f0c9feaeb811cfac0,ENG-200 Test,Test ENG-200 - Interactive Digital Storytelling: Navigating Creative Writing and Media Integration,ENG,Test,,,active
c9428b6cfcb1eda4de7b46ecdfc2a4cd,ENG-180 2022Winter,2022 Winter ENG-180 - Engaging with Language: Exploring Literary and Communicative Foundations,ENG,2022Winter,2021-12-01 00:00:00,2022-01-30 00:00:00,active
0bbc0e86b8c03b44028fba2c1be9479f,ENG-180 2022Spring,2022 Spring ENG-180 - Engaging with Language: Exploring Literary and Communicative Foundations,ENG,2022Spring,2022-2-01 00:00:00,2022-05-30 00:00:00,active
3cb8e6265c0f38cba3199f520b59fa61,ENG-180 2022Summer,2022 Summer ENG-180 - Engaging with Language: Exploring Literary and Communicative Foundations,ENG,2022Summer,2022-6-01 00:00:00,2022-08-30 00:00:00,active
f22d9249cc90ff5841277e81cf6cf640,ENG-180 2022Fall,2022 Fall ENG-180 - Engaging with Language: Exploring Literary and Communicative Foundations,ENG,2022Fall,2022-8-01 00:00:00,2022-11-30 00:00:00,active
91ef3eb0d2aac3341cce97b0c1e0a544,ENG-180 2023Winter,2023 Winter ENG-180 - Engaging with Language: Exploring Literary and Communicative Foundations,ENG,2023Winter,2022-12-01 00:00:00,2023-01-30 00:00:00,active
99246bbc3c79ccf33b9be45c84c5838c,ENG-180 2023Spring,2023 Spring ENG-180 - Engaging with Language: Exploring Literary and Communicative Foundations,ENG,2023Spring,2023-2-01 00:00:00,2023-05-30 00:00:00,active
f24b81d6732f390aab7952c788021e21,ENG-180 2023Summer,2023 Summer ENG-180 - Engaging with Language: Exploring Literary and Communicative Foundations,ENG,2023Summer,2023-6-01 00:00:00,2023-08-30 00:00:00,active
14794f9fb521446aec6055841720987c,ENG-180 2023Fall,2023 Fall ENG-180 - Engaging with Language: Exploring Literary and Communicative Foundations,ENG,2023Fall,2023-8-01 00:00:00,2023-11-30 00:00:00,active
a2305622a0cffb0f040a1aa7b0509481,ENG-180 2024Winter,2024 Winter ENG-180 - Engaging with Language: Exploring Literary and Communicative Foundations,ENG,2024Winter,2023-12-01 00:00:00,2024-01-30 00:00:00,active
99246bbc3c79ccf33b9be45c84c5838c,ENG-180 2023Spring,2023 Spring ENG-180 - Engaging with Language: Exploring Literary and Communicative Foundations,ENG,2023Spring,2024-2-01 00:00:00,2024-05-30 00:00:00,active
f24b81d6732f390aab7952c788021e21,ENG-180 2023Summer,2023 Summer ENG-180 - Engaging with Language: Exploring Literary and Communicative Foundations,ENG,2023Summer,2024-6-01 00:00:00,2024-08-30 00:00:00,active
14794f9fb521446aec6055841720987c,ENG-180 2023Fall,2023 Fall ENG-180 - Engaging with Language: Exploring Literary and Communicative Foundations,ENG,2023Fall,2024-8-01 00:00:00,2024-11-30 00:00:00,active
f878fd636144c292e0537ff70b231a59,ENG-180 2024NonCredit,2024NonCredit ENG-180 - Engaging with Language: Exploring Literary and Communicative Foundations,ENG,2024NonCredit,2024-01-01 00:00:00,2024-12-31 00:00:00,active
4035989a87e40e893a6de3aa74939108,ENG-180 Teaching,Teaching ENG-180 - Engaging with Language: Exploring Literary and Communicative Foundations,ENG,Teaching,,,active
48b4bb7fe6bf61131138d0a9106f6f4c,ENG-180 Test,Test ENG-180 - Engaging with Language: Exploring Literary and Communicative Foundations,ENG,Test,,,active
44148bfec55445c65a407f18a881a9b4,ECO-170 2022Winter,2022 Winter ECO-170 - Eco Innovation: Sustainable Solutions and Environmental Stewardship,ECO,2022Winter,2021-12-01 00:00:00,2022-01-30 00:00:00,active
3490bb777f64503d74cf51f843b567ce,ECO-170 2022Spring,2022 Spring ECO-170 - Eco Innovation: Sustainable Solutions and Environmental Stewardship,ECO,2022Spring,2022-2-01 00:00:00,2022-05-30 00:00:00,active
76afc2467183cddb750b2827529cccb7,ECO-170 2022Summer,2022 Summer ECO-170 - Eco Innovation: Sustainable Solutions and Environmental Stewardship,ECO,2022Summer,2022-6-01 00:00:00,2022-08-30 00:00:00,active
bc3c8eb1658ca96b59301df8c21d95a5,ECO-170 2022Fall,2022 Fall ECO-170 - Eco Innovation: Sustainable Solutions and Environmental Stewardship,ECO,2022Fall,2022-8-01 00:00:00,2022-11-30 00:00:00,active
6d97223366da8d24978a2d5d391e58a9,ECO-170 2023Winter,2023 Winter ECO-170 - Eco Innovation: Sustainable Solutions and Environmental Stewardship,ECO,2023Winter,2022-12-01 00:00:00,2023-01-30 00:00:00,active
1695fa1f1e826ab9d1222c2f92b139bb,ECO-170 2023Spring,2023 Spring ECO-170 - Eco Innovation: Sustainable Solutions and Environmental Stewardship,ECO,2023Spring,2023-2-01 00:00:00,2023-05-30 00:00:00,active
b5243bc9aa5985f7dbe47c32d5126fda,ECO-170 2023Summer,2023 Summer ECO-170 - Eco Innovation: Sustainable Solutions and Environmental Stewardship,ECO,2023Summer,2023-6-01 00:00:00,2023-08-30 00:00:00,active
e1d99bde2d560217123d662a0c31bd57,ECO-170 2023Fall,2023 Fall ECO-170 - Eco Innovation: Sustainable Solutions and Environmental Stewardship,ECO,2023Fall,2023-8-01 00:00:00,2023-11-30 00:00:00,active
03a88bfec80c323dc7631607bfa0de40,ECO-170 2024Winter,2024 Winter ECO-170 - Eco Innovation: Sustainable Solutions and Environmental Stewardship,ECO,2024Winter,2023-12-01 00:00:00,2024-01-30 00:00:00,active
1695fa1f1e826ab9d1222c2f92b139bb,ECO-170 2023Spring,2023 Spring ECO-170 - Eco Innovation: Sustainable Solutions and Environmental Stewardship,ECO,2023Spring,2024-2-01 00:00:00,2024-05-30 00:00:00,active
b5243bc9aa5985f7dbe47c32d5126fda,ECO-170 2023Summer,2023 Summer ECO-170 - Eco Innovation: Sustainable Solutions and Environmental Stewardship,ECO,2023Summer,2024-6-01 00:00:00,2024-08-30 00:00:00,active
e1d99bde2d560217123d662a0c31bd57,ECO-170 2023Fall,2023 Fall ECO-170 - Eco Innovation: Sustainable Solutions and Environmental Stewardship,ECO,2023Fall,2024-8-01 00:00:00,2024-11-30 00:00:00,active
da371a63964f05cd098a6fe889975a3f,ECO-170 2024NonCredit,2024NonCredit ECO-170 - Eco Innovation: Sustainable Solutions and Environmental Stewardship,ECO,2024NonCredit,2024-01-01 00:00:00,2024-12-31 00:00:00,active
5f0496f190f41ee237d7843f5a08573b,ECO-170 Teaching,Teaching ECO-170 - Eco Innovation: Sustainable Solutions and Environmental Stewardship,ECO,Teaching,,,active
0809bbddaab427ed63dacb981424bb82,ECO-170 Test,Test ECO-170 - Eco Innovation: Sustainable Solutions and Environmental Stewardship,ECO,Test,,,active
62d2035ba6ad52a3adf9216675be3ded,ECO-272 2022Winter,2022 Winter ECO-272 - Eco-Sustainable Business Practices: Strategies and Implementation,ECO,2022Winter,2021-12-01 00:00:00,2022-01-30 00:00:00,active
5b0b45a1692c0fd2aae88b7eea8bde3d,ECO-272 2022Spring,2022 Spring ECO-272 - Eco-Sustainable Business Practices: Strategies and Implementation,ECO,2022Spring,2022-2-01 00:00:00,2022-05-30 00:00:00,active
dcc86ebb91800182f2342210b7612289,ECO-272 2022Summer,2022 Summer ECO-272 - Eco-Sustainable Business Practices: Strategies and Implementation,ECO,2022Summer,2022-6-01 00:00:00,2022-08-30 00:00:00,active
95c6565f27d6b8ba75959ac06d13b372,ECO-272 2022Fall,2022 Fall ECO-272 - Eco-Sustainable Business Practices: Strategies and Implementation,ECO,2022Fall,2022-8-01 00:00:00,2022-11-30 00:00:00,active
770395f138d17f45ecd09936d4eacd96,ECO-272 2023Winter,2023 Winter ECO-272 - Eco-Sustainable Business Practices: Strategies and Implementation,ECO,2023Winter,2022-12-01 00:00:00,2023-01-30 00:00:00,active
46c3966997a026b3c67754bd601379ae,ECO-272 2023Spring,2023 Spring ECO-272 - Eco-Sustainable Business Practices: Strategies and Implementation,ECO,2023Spring,2023-2-01 00:00:00,2023-05-30 00:00:00,active
149a80c100cfe90df4bea7a7906576c0,ECO-272 2023Summer,2023 Summer ECO-272 - Eco-Sustainable Business Practices: Strategies and Implementation,ECO,2023Summer,2023-6-01 00:00:00,2023-08-30 00:00:00,active
e94c05d29a800f4dc0887e379e3d2c22,ECO-272 2023Fall,2023 Fall ECO-272 - Eco-Sustainable Business Practices: Strategies and Implementation,ECO,2023Fall,2023-8-01 00:00:00,2023-11-30 00:00:00,active
1d6b3f4a284e39ab3c908e023a018e90,ECO-272 2024Winter,2024 Winter ECO-272 - Eco-Sustainable Business Practices: Strategies and Implementation,ECO,2024Winter,2023-12-01 00:00:00,2024-01-30 00:00:00,active
46c3966997a026b3c67754bd601379ae,ECO-272 2023Spring,2023 Spring ECO-272 - Eco-Sustainable Business Practices: Strategies and Implementation,ECO,2023Spring,2024-2-01 00:00:00,2024-05-30 00:00:00,active
149a80c100cfe90df4bea7a7906576c0,ECO-272 2023Summer,2023 Summer ECO-272 - Eco-Sustainable Business Practices: Strategies and Implementation,ECO,2023Summer,2024-6-01 00:00:00,2024-08-30 00:00:00,active
e94c05d29a800f4dc0887e379e3d2c22,ECO-272 2023Fall,2023 Fall ECO-272 - Eco-Sustainable Business Practices: Strategies and Implementation,ECO,2023Fall,2024-8-01 00:00:00,2024-11-30 00:00:00,active
e4ec725b4dedd910a259700d3504efc8,ECO-272 2024NonCredit,2024NonCredit ECO-272 - Eco-Sustainable Business Practices: Strategies and Implementation,ECO,2024NonCredit,2024-01-01 00:00:00,2024-12-31 00:00:00,active
f1ddd9313ec0d1593a2741a3574d24c8,ECO-272 Teaching,Teaching ECO-272 - Eco-Sustainable Business Practices: Strategies and Implementation,ECO,Teaching,,,active
b02f1828b0390b653df145b5729d3c4c,ECO-272 Test,Test ECO-272 - Eco-Sustainable Business Practices: Strategies and Implementation,ECO,Test,,,active
b209338c6949bcab951838058af1cce9,PSY-167 2022Winter,2022 Winter PSY-167 - Exploring Human Behavior: An Introduction to Psychology (Course ID: 167),PSY,2022Winter,2021-12-01 00:00:00,2022-01-30 00:00:00,active
557ef61c35511a86af30aeaf54b0d097,PSY-167 2022Spring,2022 Spring PSY-167 - Exploring Human Behavior: An Introduction to Psychology (Course ID: 167),PSY,2022Spring,2022-2-01 00:00:00,2022-05-30 00:00:00,active
8cd2d2359e0a373cebb3084bc19338cb,PSY-167 2022Summer,2022 Summer PSY-167 - Exploring Human Behavior: An Introduction to Psychology (Course ID: 167),PSY,2022Summer,2022-6-01 00:00:00,2022-08-30 00:00:00,active
3f2c9863fb39f78bb1b20f606f5df27b,PSY-167 2022Fall,2022 Fall PSY-167 - Exploring Human Behavior: An Introduction to Psychology (Course ID: 167),PSY,2022Fall,2022-8-01 00:00:00,2022-11-30 00:00:00,active
1c6414def4cb975c69c9b3bf98e30cc8,PSY-167 2023Winter,2023 Winter PSY-167 - Exploring Human Behavior: An Introduction to Psychology (Course ID: 167),PSY,2023Winter,2022-12-01 00:00:00,2023-01-30 00:00:00,active
839ba3860c088ab02840c2fdc5c8c754,PSY-167 2023Spring,2023 Spring PSY-167 - Exploring Human Behavior: An Introduction to Psychology (Course ID: 167),PSY,2023Spring,2023-2-01 00:00:00,2023-05-30 00:00:00,active
317518cc7dcfe297c92c29391d5a2bc5,PSY-167 2023Summer,2023 Summer PSY-167 - Exploring Human Behavior: An Introduction to Psychology (Course ID: 167),PSY,2023Summer,2023-6-01 00:00:00,2023-08-30 00:00:00,active
56aca6de7942e0cb001bd8e63e5f47fe,PSY-167 2023Fall,2023 Fall PSY-167 - Exploring Human Behavior: An Introduction to Psychology (Course ID: 167),PSY,2023Fall,2023-8-01 00:00:00,2023-11-30 00:00:00,active
7b06f540ff75dd521b7a5a2b86fcafaf,PSY-167 2024Winter,2024 Winter PSY-167 - Exploring Human Behavior: An Introduction to Psychology (Course ID: 167),PSY,2024Winter,2023-12-01 00:00:00,2024-01-30 00:00:00,active
839ba3860c088ab02840c2fdc5c8c754,PSY-167 2023Spring,2023 Spring PSY-167 - Exploring Human Behavior: An Introduction to Psychology (Course ID: 167),PSY,2023Spring,2024-2-01 00:00:00,2024-05-30 00:00:00,active
317518cc7dcfe297c92c29391d5a2bc5,PSY-167 2023Summer,2023 Summer PSY-167 - Exploring Human Behavior: An Introduction to Psychology (Course ID: 167),PSY,2023Summer,2024-6-01 00:00:00,2024-08-30 00:00:00,active
56aca6de7942e0cb001bd8e63e5f47fe,PSY-167 2023Fall,2023 Fall PSY-167 - Exploring Human Behavior: An Introduction to Psychology (Course ID: 167),PSY,2023Fall,2024-8-01 00:00:00,2024-11-30 00:00:00,active
d8ce907801bc75c85a6f0e061341f88a,PSY-167 2024NonCredit,2024NonCredit PSY-167 - Exploring Human Behavior: An Introduction to Psychology (Course ID: 167),PSY,2024NonCredit,2024-01-01 00:00:00,2024-12-31 00:00:00,active
ed68b625e3433503c3bc17c019062209,PSY-167 Teaching,Teaching PSY-167 - Exploring Human Behavior: An Introduction to Psychology (Course ID: 167),PSY,Teaching,,,active
c99fc2820df6ab4ddd63ad5da0077d7d,PSY-167 Test,Test PSY-167 - Exploring Human Behavior: An Introduction to Psychology (Course ID: 167),PSY,Test,,,active
3a660d492cfd02fd71e8a307691c9b50,MAT-396 2022Winter,2022 Winter MAT-396 - Advanced Mathematical Analysis: Techniques and Applications,MAT,2022Winter,2021-12-01 00:00:00,2022-01-30 00:00:00,active
75ebe0c2020a1fd6446c684a2b67b540,MAT-396 2022Spring,2022 Spring MAT-396 - Advanced Mathematical Analysis: Techniques and Applications,MAT,2022Spring,2022-2-01 00:00:00,2022-05-30 00:00:00,active
0af2f6dcadf551bd1c7067de332a1dd0,MAT-396 2022Summer,2022 Summer MAT-396 - Advanced Mathematical Analysis: Techniques and Applications,MAT,2022Summer,2022-6-01 00:00:00,2022-08-30 00:00:00,active
dee17999de57b8e6c4c836254f54c481,MAT-396 2022Fall,2022 Fall MAT-396 - Advanced Mathematical Analysis: Techniques and Applications,MAT,2022Fall,2022-8-01 00:00:00,2022-11-30 00:00:00,active
de9dd82b11237803c6a0f6ce20ae5d1e,MAT-396 2023Winter,2023 Winter MAT-396 - Advanced Mathematical Analysis: Techniques and Applications,MAT,2023Winter,2022-12-01 00:00:00,2023-01-30 00:00:00,active
d966484d229d367bb1008de287ff0702,MAT-396 2023Spring,2023 Spring MAT-396 - Advanced Mathematical Analysis: Techniques and Applications,MAT,2023Spring,2023-2-01 00:00:00,2023-05-30 00:00:00,active
f59bc60d92c4e573ee268932700d73c9,MAT-396 2023Summer,2023 Summer MAT-396 - Advanced Mathematical Analysis: Techniques and Applications,MAT,2023Summer,2023-6-01 00:00:00,2023-08-30 00:00:00,active
f70bab49a82837eb5ade18eb9272f97f,MAT-396 2023Fall,2023 Fall MAT-396 - Advanced Mathematical Analysis: Techniques and Applications,MAT,2023Fall,2023-8-01 00:00:00,2023-11-30 00:00:00,active
53710496c1df0d4d56e8ca12a4be7056,MAT-396 2024Winter,2024 Winter MAT-396 - Advanced Mathematical Analysis: Techniques and Applications,MAT,2024Winter,2023-12-01 00:00:00,2024-01-30 00:00:00,active
d966484d229d367bb1008de287ff0702,MAT-396 2023Spring,2023 Spring MAT-396 - Advanced Mathematical Analysis: Techniques and Applications,MAT,2023Spring,2024-2-01 00:00:00,2024-05-30 00:00:00,active
f59bc60d92c4e573ee268932700d73c9,MAT-396 2023Summer,2023 Summer MAT-396 - Advanced Mathematical Analysis: Techniques and Applications,MAT,2023Summer,2024-6-01 00:00:00,2024-08-30 00:00:00,active
f70bab49a82837eb5ade18eb9272f97f,MAT-396 2023Fall,2023 Fall MAT-396 - Advanced Mathematical Analysis: Techniques and Applications,MAT,2023Fall,2024-8-01 00:00:00,2024-11-30 00:00:00,active
5daeedaeb3c0cd5466a9c6f956e9e13c,MAT-396 2024NonCredit,2024NonCredit MAT-396 - Advanced Mathematical Analysis: Techniques and Applications,MAT,2024NonCredit,2024-01-01 00:00:00,2024-12-31 00:00:00,active
5ceca6acf44d8231964854f4a45a24c8,MAT-396 Teaching,Teaching MAT-396 - Advanced Mathematical Analysis: Techniques and Applications,MAT,Teaching,,,active
427dec040f4d3ab0c4b6ae4a8d569432,MAT-396 Test,Test MAT-396 - Advanced Mathematical Analysis: Techniques and Applications,MAT,Test,,,active
e374859514f137b75e94fed54aeb6b56,MAT-111 2022Winter,2022 Winter MAT-111 - Advanced Mathematics: Concepts and Applications (MAT 111),MAT,2022Winter,2021-12-01 00:00:00,2022-01-30 00:00:00,active
69f23c379cdbbc70d9e6a76da2f3a963,MAT-111 2022Spring,2022 Spring MAT-111 - Advanced Mathematics: Concepts and Applications (MAT 111),MAT,2022Spring,2022-2-01 00:00:00,2022-05-30 00:00:00,active
e6ad34d05cd6008d1d3c3d0e30a271f6,MAT-111 2022Summer,2022 Summer MAT-111 - Advanced Mathematics: Concepts and Applications (MAT 111),MAT,2022Summer,2022-6-01 00:00:00,2022-08-30 00:00:00,active
bf00cbe72081175c13ee7a1f5d166229,MAT-111 2022Fall,2022 Fall MAT-111 - Advanced Mathematics: Concepts and Applications (MAT 111),MAT,2022Fall,2022-8-01 00:00:00,2022-11-30 00:00:00,active
fb5999b36fc5d2cf57f6f990d69bf1a3,MAT-111 2023Winter,2023 Winter MAT-111 - Advanced Mathematics: Concepts and Applications (MAT 111),MAT,2023Winter,2022-12-01 00:00:00,2023-01-30 00:00:00,active
0f5614e0c584cfbb3e7b5afe27e2a6f5,MAT-111 2023Spring,2023 Spring MAT-111 - Advanced Mathematics: Concepts and Applications (MAT 111),MAT,2023Spring,2023-2-01 00:00:00,2023-05-30 00:00:00,active
5c947fb199acff9b88e5e7ff0574e5d5,MAT-111 2023Summer,2023 Summer MAT-111 - Advanced Mathematics: Concepts and Applications (MAT 111),MAT,2023Summer,2023-6-01 00:00:00,2023-08-30 00:00:00,active
197278b78c9c184277258148af40115e,MAT-111 2023Fall,2023 Fall MAT-111 - Advanced Mathematics: Concepts and Applications (MAT 111),MAT,2023Fall,2023-8-01 00:00:00,2023-11-30 00:00:00,active
2f64341e16c6809448d1c3f520ab6c23,MAT-111 2024Winter,2024 Winter MAT-111 - Advanced Mathematics: Concepts and Applications (MAT 111),MAT,2024Winter,2023-12-01 00:00:00,2024-01-30 00:00:00,active
0f5614e0c584cfbb3e7b5afe27e2a6f5,MAT-111 2023Spring,2023 Spring MAT-111 - Advanced Mathematics: Concepts and Applications (MAT 111),MAT,2023Spring,2024-2-01 00:00:00,2024-05-30 00:00:00,active
5c947fb199acff9b88e5e7ff0574e5d5,MAT-111 2023Summer,2023 Summer MAT-111 - Advanced Mathematics: Concepts and Applications (MAT 111),MAT,2023Summer,2024-6-01 00:00:00,2024-08-30 00:00:00,active
197278b78c9c184277258148af40115e,MAT-111 2023Fall,2023 Fall MAT-111 - Advanced Mathematics: Concepts and Applications (MAT 111),MAT,2023Fall,2024-8-01 00:00:00,2024-11-30 00:00:00,active
2ee76020c5267d757804d87ba2463769,MAT-111 2024NonCredit,2024NonCredit MAT-111 - Advanced Mathematics: Concepts and Applications (MAT 111),MAT,2024NonCredit,2024-01-01 00:00:00,2024-12-31 00:00:00,active
38776911f0879affd096f7d8f293c8d3,MAT-111 Teaching,Teaching MAT-111 - Advanced Mathematics: Concepts and Applications (MAT 111),MAT,Teaching,,,active
b9bfec8b9e249ea5968e6ba2cb788e80,MAT-111 Test,Test MAT-111 - Advanced Mathematics: Concepts and Applications (MAT 111),MAT,Test,,,active
7d3afd662b7aa5b495cc2f06708a86ec,MAT-293 2022Winter,2022 Winter MAT-293 - Introduction to Linear Algebra and Matrix Mathematics (MAT 293),MAT,2022Winter,2021-12-01 00:00:00,2022-01-30 00:00:00,active
d344f15aa1c9181c8b100c2a4a42d44a,MAT-293 2022Spring,2022 Spring MAT-293 - Introduction to Linear Algebra and Matrix Mathematics (MAT 293),MAT,2022Spring,2022-2-01 00:00:00,2022-05-30 00:00:00,active
57b6124755974a3d7820f9b974a9698c,MAT-293 2022Summer,2022 Summer MAT-293 - Introduction to Linear Algebra and Matrix Mathematics (MAT 293),MAT,2022Summer,2022-6-01 00:00:00,2022-08-30 00:00:00,active
89a5b9f4d40a013828b3d7ef13f9ffb3,MAT-293 2022Fall,2022 Fall MAT-293 - Introduction to Linear Algebra and Matrix Mathematics (MAT 293),MAT,2022Fall,2022-8-01 00:00:00,2022-11-30 00:00:00,active
d0116095b8ca8cb6cc62be4fe8e5ee62,MAT-293 2023Winter,2023 Winter MAT-293 - Introduction to Linear Algebra and Matrix Mathematics (MAT 293),MAT,2023Winter,2022-12-01 00:00:00,2023-01-30 00:00:00,active
0e06799d87f3c84c00e53d4437b2d0d9,MAT-293 2023Spring,2023 Spring MAT-293 - Introduction to Linear Algebra and Matrix Mathematics (MAT 293),MAT,2023Spring,2023-2-01 00:00:00,2023-05-30 00:00:00,deleted
3b671defa7305edc2d196d4a1a90f9df,MAT-293 2023Summer,2023 Summer MAT-293 - Introduction to Linear Algebra and Matrix Mathematics (MAT 293),MAT,2023Summer,2023-6-01 00:00:00,2023-08-30 00:00:00,active
1d61c74fd6bf851ad45c0c06e5855f91,MAT-293 2023Fall,2023 Fall MAT-293 - Introduction to Linear Algebra and Matrix Mathematics (MAT 293),MAT,2023Fall,2023-8-01 00:00:00,2023-11-30 00:00:00,active
cb4d847bf0f5ef7d55d28537ec631855,MAT-293 2024Winter,2024 Winter MAT-293 - Introduction to Linear Algebra and Matrix Mathematics (MAT 293),MAT,2024Winter,2023-12-01 00:00:00,2024-01-30 00:00:00,active
0e06799d87f3c84c00e53d4437b2d0d9,MAT-293 2023Spring,2023 Spring MAT-293 - Introduction to Linear Algebra and Matrix Mathematics (MAT 293),MAT,2023Spring,2024-2-01 00:00:00,2024-05-30 00:00:00,active
3b671defa7305edc2d196d4a1a90f9df,MAT-293 2023Summer,2023 Summer MAT-293 - Introduction to Linear Algebra and Matrix Mathematics (MAT 293),MAT,2023Summer,2024-6-01 00:00:00,2024-08-30 00:00:00,active
1d61c74fd6bf851ad45c0c06e5855f91,MAT-293 2023Fall,2023 Fall MAT-293 - Introduction to Linear Algebra and Matrix Mathematics (MAT 293),MAT,2023Fall,2024-8-01 00:00:00,2024-11-30 00:00:00,active
01e46ffa9508d9e60879c5c4f3f5ed2d,MAT-293 2024NonCredit,2024NonCredit MAT-293 - Introduction to Linear Algebra and Matrix Mathematics (MAT 293),MAT,2024NonCredit,2024-01-01 00:00:00,2024-12-31 00:00:00,active
47d4fe5e513041dfcf6f53d2e814610a,MAT-293 Teaching,Teaching MAT-293 - Introduction to Linear Algebra and Matrix Mathematics (MAT 293),MAT,Teaching,,,active
0ce5ea9b119b203f4593016ae57fa081,MAT-293 Test,Test MAT-293 - Introduction to Linear Algebra and Matrix Mathematics (MAT 293),MAT,Test,,,active
fd6d33eee40bc697c724133ba495261b,ART-299 2022Winter,2022 Winter ART-299 - Digital Artistry: Mastering Augmented Reality Techniques and Applications,ART,2022Winter,2021-12-01 00:00:00,2022-01-30 00:00:00,active
2ec14db62d70b9eb922ce8c43b65174a,ART-299 2022Spring,2022 Spring ART-299 - Digital Artistry: Mastering Augmented Reality Techniques and Applications,ART,2022Spring,2022-2-01 00:00:00,2022-05-30 00:00:00,active
220bac6462e49ca3f9b94b58b9423987,ART-299 2022Summer,2022 Summer ART-299 - Digital Artistry: Mastering Augmented Reality Techniques and Applications,ART,2022Summer,2022-6-01 00:00:00,2022-08-30 00:00:00,active
e880a38d6c101761b53d2891e5a8cec8,ART-299 2022Fall,2022 Fall ART-299 - Digital Artistry: Mastering Augmented Reality Techniques and Applications,ART,2022Fall,2022-8-01 00:00:00,2022-11-30 00:00:00,active
d0e12c1c79656495aa8dfc319b24956e,ART-299 2023Winter,2023 Winter ART-299 - Digital Artistry: Mastering Augmented Reality Techniques and Applications,ART,2023Winter,2022-12-01 00:00:00,2023-01-30 00:00:00,active
dd07590dd4fcd7526faffedb413c80e2,ART-299 2023Spring,2023 Spring ART-299 - Digital Artistry: Mastering Augmented Reality Techniques and Applications,ART,2023Spring,2023-2-01 00:00:00,2023-05-30 00:00:00,active
2308b413fc15aade1d5885e82893889e,ART-299 2023Summer,2023 Summer ART-299 - Digital Artistry: Mastering Augmented Reality Techniques and Applications,ART,2023Summer,2023-6-01 00:00:00,2023-08-30 00:00:00,active
e97d0926ac8da59cd9641dc4db8e4861,ART-299 2023Fall,2023 Fall ART-299 - Digital Artistry: Mastering Augmented Reality Techniques and Applications,ART,2023Fall,2023-8-01 00:00:00,2023-11-30 00:00:00,active
96a67c52b928ea2152455bb42ec03cbf,ART-299 2024Winter,2024 Winter ART-299 - Digital Artistry: Mastering Augmented Reality Techniques and Applications,ART,2024Winter,2023-12-01 00:00:00,2024-01-30 00:00:00,active
dd07590dd4fcd7526faffedb413c80e2,ART-299 2023Spring,2023 Spring ART-299 - Digital Artistry: Mastering Augmented Reality Techniques and Applications,ART,2023Spring,2024-2-01 00:00:00,2024-05-30 00:00:00,active
2308b413fc15aade1d5885e82893889e,ART-299 2023Summer,2023 Summer ART-299 - Digital Artistry: Mastering Augmented Reality Techniques and Applications,ART,2023Summer,2024-6-01 00:00:00,2024-08-30 00:00:00,active
e97d0926ac8da59cd9641dc4db8e4861,ART-299 2023Fall,2023 Fall ART-299 - Digital Artistry: Mastering Augmented Reality Techniques and Applications,ART,2023Fall,2024-8-01 00:00:00,2024-11-30 00:00:00,active
bd0bf14fe39d99796610603e449510c1,ART-299 2024NonCredit,2024NonCredit ART-299 - Digital Artistry: Mastering Augmented Reality Techniques and Applications,ART,2024NonCredit,2024-01-01 00:00:00,2024-12-31 00:00:00,active
209259cf67459ff088005b2c82b27676,ART-299 Teaching,Teaching ART-299 - Digital Artistry: Mastering Augmented Reality Techniques and Applications,ART,Teaching,,,active
29d5a8ac08d2e295cfcd873be3741f02,ART-299 Test,Test ART-299 - Digital Artistry: Mastering Augmented Reality Techniques and Applications,ART,Test,,,active
aa3c43e93608ed7db7c21b057d590d92,ART-275 2022Winter,2022 Winter ART-275 - Innovative Artistry: Mastering Augmented Reality Techniques,ART,2022Winter,2021-12-01 00:00:00,2022-01-30 00:00:00,active
400a3c0a550343a532fb99077ca95f5f,ART-275 2022Spring,2022 Spring ART-275 - Innovative Artistry: Mastering Augmented Reality Techniques,ART,2022Spring,2022-2-01 00:00:00,2022-05-30 00:00:00,active
6214c46ef93cd5b8afd4c4db743b3217,ART-275 2022Summer,2022 Summer ART-275 - Innovative Artistry: Mastering Augmented Reality Techniques,ART,2022Summer,2022-6-01 00:00:00,2022-08-30 00:00:00,active
29ec78ce54526d971b9763e8220e4b4d,ART-275 2022Fall,2022 Fall ART-275 - Innovative Artistry: Mastering Augmented Reality Techniques,ART,2022Fall,2022-8-01 00:00:00,2022-11-30 00:00:00,active
b0647081fb37d6ee421bf7684e8c3031,ART-275 2023Winter,2023 Winter ART-275 - Innovative Artistry: Mastering Augmented Reality Techniques,ART,2023Winter,2022-12-01 00:00:00,2023-01-30 00:00:00,active
343527996b266363f116971285bb03c3,ART-275 2023Spring,2023 Spring ART-275 - Innovative Artistry: Mastering Augmented Reality Techniques,ART,2023Spring,2023-2-01 00:00:00,2023-05-30 00:00:00,active
fac14621de2292d57299e1775e15bab1,ART-275 2023Summer,2023 Summer ART-275 - Innovative Artistry: Mastering Augmented Reality Techniques,ART,2023Summer,2023-6-01 00:00:00,2023-08-30 00:00:00,active
aaef689c83fcd43e79ad01a879f08b70,ART-275 2023Fall,2023 Fall ART-275 - Innovative Artistry: Mastering Augmented Reality Techniques,ART,2023Fall,2023-8-01 00:00:00,2023-11-30 00:00:00,active
528d21d56612cef92a437d112cb2d30d,ART-275 2024Winter,2024 Winter ART-275 - Innovative Artistry: Mastering Augmented Reality Techniques,ART,2024Winter,2023-12-01 00:00:00,2024-01-30 00:00:00,active
343527996b266363f116971285bb03c3,ART-275 2023Spring,2023 Spring ART-275 - Innovative Artistry: Mastering Augmented Reality Techniques,ART,2023Spring,2024-2-01 00:00:00,2024-05-30 00:00:00,active
fac14621de2292d57299e1775e15bab1,ART-275 2023Summer,2023 Summer ART-275 - Innovative Artistry: Mastering Augmented Reality Techniques,ART,2023Summer,2024-6-01 00:00:00,2024-08-30 00:00:00,active
aaef689c83fcd43e79ad01a879f08b70,ART-275 2023Fall,2023 Fall ART-275 - Innovative Artistry: Mastering Augmented Reality Techniques,ART,2023Fall,2024-8-01 00:00:00,2024-11-30 00:00:00,active
94592886686fbe3f2dd8ebde084cc86a,ART-275 2024NonCredit,2024NonCredit ART-275 - Innovative Artistry: Mastering Augmented Reality Techniques,ART,2024NonCredit,2024-01-01 00:00:00,2024-12-31 00:00:00,active
64fed781a4d9950dd008ba0050a1cadd,ART-275 Teaching,Teaching ART-275 - Innovative Artistry: Mastering Augmented Reality Techniques,ART,Teaching,,,active
c6aa58675133f7bdca0b174bd9c057d7,ART-275 Test,Test ART-275 - Innovative Artistry: Mastering Augmented Reality Techniques,ART,Test,,,active
0096254b06cf7f2b5374e821ed813449,ART-318 2022Winter,2022 Winter ART-318 - Artistry and Innovation: Exploring Art Through Augmented Reality,ART,2022Winter,2021-12-01 00:00:00,2022-01-30 00:00:00,active
ff19a4af7b8cc0da347c028924eb3bc4,ART-318 2022Spring,2022 Spring ART-318 - Artistry and Innovation: Exploring Art Through Augmented Reality,ART,2022Spring,2022-2-01 00:00:00,2022-05-30 00:00:00,active
3b1dd40dce35a87ba275c3e7e07530a1,ART-318 2022Summer,2022 Summer ART-318 - Artistry and Innovation: Exploring Art Through Augmented Reality,ART,2022Summer,2022-6-01 00:00:00,2022-08-30 00:00:00,active
8d1982ed7c25826ff8c424bfcdd6b937,ART-318 2022Fall,2022 Fall ART-318 - Artistry and Innovation: Exploring Art Through Augmented Reality,ART,2022Fall,2022-8-01 00:00:00,2022-11-30 00:00:00,active
652d78c592b436a0a6a0df2e07b9477c,ART-318 2023Winter,2023 Winter ART-318 - Artistry and Innovation: Exploring Art Through Augmented Reality,ART,2023Winter,2022-12-01 00:00:00,2023-01-30 00:00:00,active
1e524a69bbb8dbcdd7c51aecd7511285,ART-318 2023Spring,2023 Spring ART-318 - Artistry and Innovation: Exploring Art Through Augmented Reality,ART,2023Spring,2023-2-01 00:00:00,2023-05-30 00:00:00,active
751a253288632c4f182f5fd44c8db857,ART-318 2023Summer,2023 Summer ART-318 - Artistry and Innovation: Exploring Art Through Augmented Reality,ART,2023Summer,2023-6-01 00:00:00,2023-08-30 00:00:00,active
e5342b0b4c925a8b127fa687b636ab70,ART-318 2023Fall,2023 Fall ART-318 - Artistry and Innovation: Exploring Art Through Augmented Reality,ART,2023Fall,2023-8-01 00:00:00,2023-11-30 00:00:00,active
13d49ae2c43056bba537781807b2d3bb,ART-318 2024Winter,2024 Winter ART-318 - Artistry and Innovation: Exploring Art Through Augmented Reality,ART,2024Winter,2023-12-01 00:00:00,2024-01-30 00:00:00,active
1e524a69bbb8dbcdd7c51aecd7511285,ART-318 2023Spring,2023 Spring ART-318 - Artistry and Innovation: Exploring Art Through Augmented Reality,ART,2023Spring,2024-2-01 00:00:00,2024-05-30 00:00:00,active
751a253288632c4f182f5fd44c8db857,ART-318 2023Summer,2023 Summer ART-318 - Artistry and Innovation: Exploring Art Through Augmented Reality,ART,2023Summer,2024-6-01 00:00:00,2024-08-30 00:00:00,active
e5342b0b4c925a8b127fa687b636ab70,ART-318 2023Fall,2023 Fall ART-318 - Artistry and Innovation: Exploring Art Through Augmented Reality,ART,2023Fall,2024-8-01 00:00:00,2024-11-30 00:00:00,active
2d9c9ad6b71df8dd0fd2e82873ceb330,ART-318 2024NonCredit,2024NonCredit ART-318 - Artistry and Innovation: Exploring Art Through Augmented Reality,ART,2024NonCredit,2024-01-01 00:00:00,2024-12-31 00:00:00,active
aeac35cbcdc4b3b0c5c05373315c523e,ART-318 Teaching,Teaching ART-318 - Artistry and Innovation: Exploring Art Through Augmented Reality,ART,Teaching,,,active
cfdcfb639f5348fe1f44e2759a93efcb,ART-318 Test,Test ART-318 - Artistry and Innovation: Exploring Art Through Augmented Reality,ART,Test,,,active
30551cb8fd6617e511347cb6c6dc2938,ART-217 2022Winter,"2022 Winter ART-217 - Mastering Augmented Reality Art: Techniques, Tools, and Creativity",ART,2022Winter,2021-12-01 00:00:00,2022-01-30 00:00:00,active
af675e1b0f390e9dce0ca8a95d2723aa,ART-217 2022Spring,"2022 Spring ART-217 - Mastering Augmented Reality Art: Techniques, Tools, and Creativity",ART,2022Spring,2022-2-01 00:00:00,2022-05-30 00:00:00,active
c60e3ddcc00221d7211701dd596c3991,ART-217 2022Summer,"2022 Summer ART-217 - Mastering Augmented Reality Art: Techniques, Tools, and Creativity",ART,2022Summer,2022-6-01 00:00:00,2022-08-30 00:00:00,active
c5ad548e28d94308c760a28d17db430e,ART-217 2022Fall,"2022 Fall ART-217 - Mastering Augmented Reality Art: Techniques, Tools, and Creativity",ART,2022Fall,2022-8-01 00:00:00,2022-11-30 00:00:00,active
c21dd11ab12cf11561e89403bd2f5c9d,ART-217 2023Winter,"2023 Winter ART-217 - Mastering Augmented Reality Art: Techniques, Tools, and Creativity",ART,2023Winter,2022-12-01 00:00:00,2023-01-30 00:00:00,active
3d48a4f7840e31b52cf4db0e574193f9,ART-217 2023Spring,"2023 Spring ART-217 - Mastering Augmented Reality Art: Techniques, Tools, and Creativity",ART,2023Spring,2023-2-01 00:00:00,2023-05-30 00:00:00,active
411cb684ce8db878f90cc4ad0a500550,ART-217 2023Summer,"2023 Summer ART-217 - Mastering Augmented Reality Art: Techniques, Tools, and Creativity",ART,2023Summer,2023-6-01 00:00:00,2023-08-30 00:00:00,active
a9d4a0287327235ea57dae4828c4ec93,ART-217 2023Fall,"2023 Fall ART-217 - Mastering Augmented Reality Art: Techniques, Tools, and Creativity",ART,2023Fall,2023-8-01 00:00:00,2023-11-30 00:00:00,active
8d622f8b57ce9eea5f81529605ab31b9,ART-217 2024Winter,"2024 Winter ART-217 - Mastering Augmented Reality Art: Techniques, Tools, and Creativity",ART,2024Winter,2023-12-01 00:00:00,2024-01-30 00:00:00,active
3d48a4f7840e31b52cf4db0e574193f9,ART-217 2023Spring,"2023 Spring ART-217 - Mastering Augmented Reality Art: Techniques, Tools, and Creativity",ART,2023Spring,2024-2-01 00:00:00,2024-05-30 00:00:00,active
411cb684ce8db878f90cc4ad0a500550,ART-217 2023Summer,"2023 Summer ART-217 - Mastering Augmented Reality Art: Techniques, Tools, and Creativity",ART,2023Summer,2024-6-01 00:00:00,2024-08-30 00:00:00,active
a9d4a0287327235ea57dae4828c4ec93,ART-217 2023Fall,"2023 Fall ART-217 - Mastering Augmented Reality Art: Techniques, Tools, and Creativity",ART,2023Fall,2024-8-01 00:00:00,2024-11-30 00:00:00,active
f2df81aa6bf20da24219ce42286f60e0,ART-217 2024NonCredit,"2024NonCredit ART-217 - Mastering Augmented Reality Art: Techniques, Tools, and Creativity",ART,2024NonCredit,2024-01-01 00:00:00,2024-12-31 00:00:00,active
523ba1bfef01c26fe9d5c45d4e8516fa,ART-217 Teaching,"Teaching ART-217 - Mastering Augmented Reality Art: Techniques, Tools, and Creativity",ART,Teaching,,,active
02cb444865e0bdc46523656bea3a50e2,ART-217 Test,"Test ART-217 - Mastering Augmented Reality Art: Techniques, Tools, and Creativity",ART,Test,,,active
2dd582cf937d061af6b7327d9b05069c,ART-397 2022Winter,2022 Winter ART-397 - Mastering Digital Art: Exploring Augmented Reality Techniques,ART,2022Winter,2021-12-01 00:00:00,2022-01-30 00:00:00,active
94d13e9811624fd30384833a00852f77,ART-397 2022Spring,2022 Spring ART-397 - Mastering Digital Art: Exploring Augmented Reality Techniques,ART,2022Spring,2022-2-01 00:00:00,2022-05-30 00:00:00,active
36dc3b5f5dd5d530ada98fea00bbc2df,ART-397 2022Summer,2022 Summer ART-397 - Mastering Digital Art: Exploring Augmented Reality Techniques,ART,2022Summer,2022-6-01 00:00:00,2022-08-30 00:00:00,active
7825af09673edf3c79ead1a509d95f81,ART-397 2022Fall,2022 Fall ART-397 - Mastering Digital Art: Exploring Augmented Reality Techniques,ART,2022Fall,2022-8-01 00:00:00,2022-11-30 00:00:00,active
9443275f7acce85b4431225e0d3f29e1,ART-397 2023Winter,2023 Winter ART-397 - Mastering Digital Art: Exploring Augmented Reality Techniques,ART,2023Winter,2022-12-01 00:00:00,2023-01-30 00:00:00,active
cd4005724de397cda58d735dd709ff83,ART-397 2023Spring,2023 Spring ART-397 - Mastering Digital Art: Exploring Augmented Reality Techniques,ART,2023Spring,2023-2-01 00:00:00,2023-05-30 00:00:00,active
c652747343d3669182710671f867c9a0,ART-397 2023Summer,2023 Summer ART-397 - Mastering Digital Art: Exploring Augmented Reality Techniques,ART,2023Summer,2023-6-01 00:00:00,2023-08-30 00:00:00,active
1b96a8cbb5b8be75d236633aec0d1bae,ART-397 2023Fall,2023 Fall ART-397 - Mastering Digital Art: Exploring Augmented Reality Techniques,ART,2023Fall,2023-8-01 00:00:00,2023-11-30 00:00:00,active
050e33b5e656e27018b7edd2e7541792,ART-397 2024Winter,2024 Winter ART-397 - Mastering Digital Art: Exploring Augmented Reality Techniques,ART,2024Winter,2023-12-01 00:00:00,2024-01-30 00:00:00,active
cd4005724de397cda58d735dd709ff83,ART-397 2023Spring,2023 Spring ART-397 - Mastering Digital Art: Exploring Augmented Reality Techniques,ART,2023Spring,2024-2-01 00:00:00,2024-05-30 00:00:00,active
c652747343d3669182710671f867c9a0,ART-397 2023Summer,2023 Summer ART-397 - Mastering Digital Art: Exploring Augmented Reality Techniques,ART,2023Summer,2024-6-01 00:00:00,2024-08-30 00:00:00,active
1b96a8cbb5b8be75d236633aec0d1bae,ART-397 2023Fall,2023 Fall ART-397 - Mastering Digital Art: Exploring Augmented Reality Techniques,ART,2023Fall,2024-8-01 00:00:00,2024-11-30 00:00:00,active
09e9c6d3a4b554d46f605027d519d423,ART-397 2024NonCredit,2024NonCredit ART-397 - Mastering Digital Art: Exploring Augmented Reality Techniques,ART,2024NonCredit,2024-01-01 00:00:00,2024-12-31 00:00:00,active
2023c3d90ce6a4837302c3682dcf08c8,ART-397 Teaching,Teaching ART-397 - Mastering Digital Art: Exploring Augmented Reality Techniques,ART,Teaching,,,active
b3e0735d750e55f524235b9e968fe824,ART-397 Test,Test ART-397 - Mastering Digital Art: Exploring Augmented Reality Techniques,ART,Test,,,active
f9050dcb4264b93006f453c787051e6d,ART-100 2022Winter,2022 Winter ART-100 - Exploring the Canvas of Virtual Reality: A Comprehensive Introduction to Augmented Artistry,ART,2022Winter,2021-12-01 00:00:00,2022-01-30 00:00:00,active
6fe03718a3542eae7ee68084073b4d71,ART-100 2022Spring,2022 Spring ART-100 - Exploring the Canvas of Virtual Reality: A Comprehensive Introduction to Augmented Artistry,ART,2022Spring,2022-2-01 00:00:00,2022-05-30 00:00:00,active
c87af437f143d63cb5beb0e0fb7c3d31,ART-100 2022Summer,2022 Summer ART-100 - Exploring the Canvas of Virtual Reality: A Comprehensive Introduction to Augmented Artistry,ART,2022Summer,2022-6-01 00:00:00,2022-08-30 00:00:00,active
31ac61ded447d46197226c31e07f8072,ART-100 2022Fall,2022 Fall ART-100 - Exploring the Canvas of Virtual Reality: A Comprehensive Introduction to Augmented Artistry,ART,2022Fall,2022-8-01 00:00:00,2022-11-30 00:00:00,active
c8a500896e957487c19805ba810d593d,ART-100 2023Winter,2023 Winter ART-100 - Exploring the Canvas of Virtual Reality: A Comprehensive Introduction to Augmented Artistry,ART,2023Winter,2022-12-01 00:00:00,2023-01-30 00:00:00,active
10e4e3452d4b4dba5c851a093dc0b0fa,ART-100 2023Spring,2023 Spring ART-100 - Exploring the Canvas of Virtual Reality: A Comprehensive Introduction to Augmented Artistry,ART,2023Spring,2023-2-01 00:00:00,2023-05-30 00:00:00,active
b1271e47f787d7a5997e41fe5aa3a95e,ART-100 2023Summer,2023 Summer ART-100 - Exploring the Canvas of Virtual Reality: A Comprehensive Introduction to Augmented Artistry,ART,2023Summer,2023-6-01 00:00:00,2023-08-30 00:00:00,active
839c2794ea7b05fa167e6c22c1424d51,ART-100 2023Fall,2023 Fall ART-100 - Exploring the Canvas of Virtual Reality: A Comprehensive Introduction to Augmented Artistry,ART,2023Fall,2023-8-01 00:00:00,2023-11-30 00:00:00,active
61d3c44afb0c7b390e1a4028f9b6f2b5,ART-100 2024Winter,2024 Winter ART-100 - Exploring the Canvas of Virtual Reality: A Comprehensive Introduction to Augmented Artistry,ART,2024Winter,2023-12-01 00:00:00,2024-01-30 00:00:00,active
10e4e3452d4b4dba5c851a093dc0b0fa,ART-100 2023Spring,2023 Spring ART-100 - Exploring the Canvas of Virtual Reality: A Comprehensive Introduction to Augmented Artistry,ART,2023Spring,2024-2-01 00:00:00,2024-05-30 00:00:00,active
b1271e47f787d7a5997e41fe5aa3a95e,ART-100 2023Summer,2023 Summer ART-100 - Exploring the Canvas of Virtual Reality: A Comprehensive Introduction to Augmented Artistry,ART,2023Summer,2024-6-01 00:00:00,2024-08-30 00:00:00,active
839c2794ea7b05fa167e6c22c1424d51,ART-100 2023Fall,2023 Fall ART-100 - Exploring the Canvas of Virtual Reality: A Comprehensive Introduction to Augmented Artistry,ART,2023Fall,2024-8-01 00:00:00,2024-11-30 00:00:00,active
390bb50a089be13b9d9ff4f14ab8212a,ART-100 2024NonCredit,2024NonCredit ART-100 - Exploring the Canvas of Virtual Reality: A Comprehensive Introduction to Augmented Artistry,ART,2024NonCredit,2024-01-01 00:00:00,2024-12-31 00:00:00,active
f76a134b1359af4b7486056249a0ee73,ART-100 Teaching,Teaching ART-100 - Exploring the Canvas of Virtual Reality: A Comprehensive Introduction to Augmented Artistry,ART,Teaching,,,active
f025c69c8fe06244da254e4defc3e9d1,ART-100 Test,Test ART-100 - Exploring the Canvas of Virtual Reality: A Comprehensive Introduction to Augmented Artistry,ART,Test,,,active
6c050f6000387e5f8b88d2928b5085c4,ART-250 2022Winter,2022 Winter ART-250 - Mastering Augmented Reality: Exploring Creative Techniques and Applications,ART,2022Winter,2021-12-01 00:00:00,2022-01-30 00:00:00,active
c92074e008656d85d164ebfd4db33bbf,ART-250 2022Spring,2022 Spring ART-250 - Mastering Augmented Reality: Exploring Creative Techniques and Applications,ART,2022Spring,2022-2-01 00:00:00,2022-05-30 00:00:00,active
304307dacc642d54432708ec16ea57d9,ART-250 2022Summer,2022 Summer ART-250 - Mastering Augmented Reality: Exploring Creative Techniques and Applications,ART,2022Summer,2022-6-01 00:00:00,2022-08-30 00:00:00,active
31e86651be9eb004ca1e5fd8140b9136,ART-250 2022Fall,2022 Fall ART-250 - Mastering Augmented Reality: Exploring Creative Techniques and Applications,ART,2022Fall,2022-8-01 00:00:00,2022-11-30 00:00:00,active
576403b0328466ebb05e449ad3a63ebb,ART-250 2023Winter,2023 Winter ART-250 - Mastering Augmented Reality: Exploring Creative Techniques and Applications,ART,2023Winter,2022-12-01 00:00:00,2023-01-30 00:00:00,active
4afac7e5cba1829ad0b12292af5e0cd4,ART-250 2023Spring,2023 Spring ART-250 - Mastering Augmented Reality: Exploring Creative Techniques and Applications,ART,2023Spring,2023-2-01 00:00:00,2023-05-30 00:00:00,active
9a66704764aa5d2f34f7e0a1a53be367,ART-250 2023Summer,2023 Summer ART-250 - Mastering Augmented Reality: Exploring Creative Techniques and Applications,ART,2023Summer,2023-6-01 00:00:00,2023-08-30 00:00:00,active
35176fa726edad82d6ec649cc637ab6b,ART-250 2023Fall,2023 Fall ART-250 - Mastering Augmented Reality: Exploring Creative Techniques and Applications,ART,2023Fall,2023-8-01 00:00:00,2023-11-30 00:00:00,active
3d0dbdc961893d97d3e70c9319bd2677,ART-250 2024Winter,2024 Winter ART-250 - Mastering Augmented Reality: Exploring Creative Techniques and Applications,ART,2024Winter,2023-12-01 00:00:00,2024-01-30 00:00:00,active
4afac7e5cba1829ad0b12292af5e0cd4,ART-250 2023Spring,2023 Spring ART-250 - Mastering Augmented Reality: Exploring Creative Techniques and Applications,ART,2023Spring,2024-2-01 00:00:00,2024-05-30 00:00:00,active
9a66704764aa5d2f34f7e0a1a53be367,ART-250 2023Summer,2023 Summer ART-250 - Mastering Augmented Reality: Exploring Creative Techniques and Applications,ART,2023Summer,2024-6-01 00:00:00,2024-08-30 00:00:00,deleted
35176fa726edad82d6ec649cc637ab6b,ART-250 2023Fall,2023 Fall ART-250 - Mastering Augmented Reality: Exploring Creative Techniques and Applications,ART,2023Fall,2024-8-01 00:00:00,2024-11-30 00:00:00,active
265a4c0939083149e03779eb09bc4671,ART-250 2024NonCredit,2024NonCredit ART-250 - Mastering Augmented Reality: Exploring Creative Techniques and Applications,ART,2024NonCredit,2024-01-01 00:00:00,2024-12-31 00:00:00,active
6ab0b084825d4ef3112fb07698d71de5,ART-250 Teaching,Teaching ART-250 - Mastering Augmented Reality: Exploring Creative Techniques and Applications,ART,Teaching,,,active
8ae22166121f259b5def2dff3b836ed9,ART-250 Test,Test ART-250 - Mastering Augmented Reality: Exploring Creative Techniques and Applications,ART,Test,,,active
